"Data Center ID","Cabinet","Position","Label","Height","Manufacturer","Model","Hostname","SerialNo","AssetTag","HalfDepth","BackSide","ESX","InstallDate","Reservation","Owner","PrimaryContact","CustomTags"
"idt4gdc_dc3","DC3-R1-01","40","dc3-sw-01","1","Generic","1U Switch","dc3-sw-01","","","0","0","0","","0","","","network,switch"
"idt4gdc_dc3","DC3-R1-01","38","dc3-mgmt-01","1","Generic","1U Server","dc3-mgmt-01","","","0","0","0","","0","","","mgmt"
"idt4gdc_dc3","DC3-R1-01","1","node0000","1","Generic","1U Server","node0000","","","0","0","0","","0","","","compute,cpu"
"idt4gdc_dc3","DC3-R1-01","2","node0001","1","Generic","1U Server","node0001","","","0","0","0","","0","","","compute,cpu"
"idt4gdc_dc3","DC3-R1-01","3","node0002","1","Generic","1U Server","node0002","","","0","0","0","","0","","","compute,cpu"
"idt4gdc_dc3","DC3-R1-01","4","node0003","1","Generic","1U Server","node0003","","","0","0","0","","0","","","compute,cpu"
"idt4gdc_dc3","DC3-R1-01","5","node0004","1","Generic","1U Server","node0004","","","0","0","0","","0","","","compute,cpu"
"idt4gdc_dc3","DC3-R1-01","6","node0005","1","Generic","1U Server","node0005","","","0","0","0","","0","","","compute,cpu"
"idt4gdc_dc3","DC3-R1-01","7","node0006","1","Generic","1U Server","node0006","","","0","0","0","","0","","","compute,cpu"
"idt4gdc_dc3","DC3-R1-01","8","node0007","1","Generic","1U Server","node0007","","","0","0","0","","0","","","compute,cpu"
"idt4gdc_dc3","DC3-R1-01","9","node0008","1","Generic","1U Server","node0008","","","0","0","0","","0","","","compute,cpu"
"idt4gdc_dc3","DC3-R1-01","10","node0009","1","Generic","1U Server","node0009","","","0","0","0","","0","","","compute,cpu"
"idt4gdc_dc3","DC3-R1-01","11","node0010","1","Generic","1U Server","node0010","","","0","0","0","","0","","","compute,cpu"
"idt4gdc_dc3","DC3-R1-01","12","node0011","1","Generic","1U Server","node0011","","","0","0","0","","0","","","compute,cpu"
"idt4gdc_dc3","DC3-R1-01","13","node0012","1","Generic","1U Server","node0012","","","0","0","0","","0","","","compute,cpu"
"idt4gdc_dc3","DC3-R1-01","14","node0013","1","Generic","1U Server","node0013","","","0","0","0","","0","","","compute,cpu"
"idt4gdc_dc3","DC3-R1-01","15","node0014","1","Generic","1U Server","node0014","","","0","0","0","","0","","","compute,cpu"
"idt4gdc_dc3","DC3-R1-01","16","node0015","1","Generic","1U Server","node0015","","","0","0","0","","0","","","compute,cpu"
"idt4gdc_dc3","DC3-R1-01","17","node0016","1","Generic","1U Server","node0016","","","0","0","0","","0","","","compute,cpu"
"idt4gdc_dc3","DC3-R1-01","18","node0017","1","Generic","1U Server","node0017","","","0","0","0","","0","","","compute,cpu"
"idt4gdc_dc3","DC3-R1-01","19","node0018","1","Generic","1U Server","node0018","","","0","0","0","","0","","","compute,cpu"
"idt4gdc_dc3","DC3-R1-01","20","node0019","1","Generic","1U Server","node0019","","","0","0","0","","0","","","compute,cpu"
"idt4gdc_dc3","DC3-R1-01","21","node0020","1","Generic","1U Server","node0020","","","0","0","0","","0","","","compute,cpu"
"idt4gdc_dc3","DC3-R1-01","22","node0021","1","Generic","1U Server","node0021","","","0","0","0","","0","","","compute,cpu"
"idt4gdc_dc3","DC3-R1-01","23","node0022","1","Generic","1U Server","node0022","","","0","0","0","","0","","","compute,cpu"
"idt4gdc_dc3","DC3-R1-01","24","node0023","1","Generic","1U Server","node0023","","","0","0","0","","0","","","compute,cpu"
"idt4gdc_dc3","DC3-R1-01","25","node0024","1","Generic","1U Server","node0024","","","0","0","0","","0","","","compute,cpu"
"idt4gdc_dc3","DC3-R1-01","26","node0025","1","Generic","1U Server","node0025","","","0","0","0","","0","","","compute,cpu"
"idt4gdc_dc3","DC3-R1-01","27","node0026","1","Generic","1U Server","node0026","","","0","0","0","","0","","","compute,cpu"
"idt4gdc_dc3","DC3-R1-01","28","node0027","1","Generic","1U Server","node0027","","","0","0","0","","0","","","compute,cpu"
"idt4gdc_dc3","DC3-R1-01","29","node0028","1","Generic","1U Server","node0028","","","0","0","0","","0","","","compute,cpu"
"idt4gdc_dc3","DC3-R1-01","30","node0029","1","Generic","1U Server","node0029","","","0","0","0","","0","","","compute,cpu"
"idt4gdc_dc3","DC3-R1-01","31","node0030","1","Generic","1U Server","node0030","","","0","0","0","","0","","","compute,cpu"
"idt4gdc_dc3","DC3-R1-01","32","node0031","1","Generic","1U Server","node0031","","","0","0","0","","0","","","compute,cpu"
"idt4gdc_dc3","DC3-R1-02","1","node0032","1","Generic","1U Server","node0032","","","0","0","0","","0","","","compute,cpu"
"idt4gdc_dc3","DC3-R1-02","2","node0033","1","Generic","1U Server","node0033","","","0","0","0","","0","","","compute,cpu"
"idt4gdc_dc3","DC3-R1-02","3","node0034","1","Generic","1U Server","node0034","","","0","0","0","","0","","","compute,cpu"
"idt4gdc_dc3","DC3-R1-02","4","node0035","1","Generic","1U Server","node0035","","","0","0","0","","0","","","compute,cpu"
"idt4gdc_dc3","DC3-R1-02","5","node0036","1","Generic","1U Server","node0036","","","0","0","0","","0","","","compute,cpu"
"idt4gdc_dc3","DC3-R1-02","6","node0037","1","Generic","1U Server","node0037","","","0","0","0","","0","","","compute,cpu"
"idt4gdc_dc3","DC3-R1-02","7","node0038","1","Generic","1U Server","node0038","","","0","0","0","","0","","","compute,cpu"
"idt4gdc_dc3","DC3-R1-02","8","node0039","1","Generic","1U Server","node0039","","","0","0","0","","0","","","compute,cpu"
"idt4gdc_dc3","DC3-R1-02","9","node0040","1","Generic","1U Server","node0040","","","0","0","0","","0","","","compute,cpu"
"idt4gdc_dc3","DC3-R1-02","10","node0041","1","Generic","1U Server","node0041","","","0","0","0","","0","","","compute,cpu"
"idt4gdc_dc3","DC3-R1-02","11","node0042","1","Generic","1U Server","node0042","","","0","0","0","","0","","","compute,cpu"
"idt4gdc_dc3","DC3-R1-02","12","node0043","1","Generic","1U Server","node0043","","","0","0","0","","0","","","compute,cpu"
"idt4gdc_dc3","DC3-R1-02","13","node0044","1","Generic","1U Server","node0044","","","0","0","0","","0","","","compute,cpu"
"idt4gdc_dc3","DC3-R1-02","14","node0045","1","Generic","1U Server","node0045","","","0","0","0","","0","","","compute,cpu"
"idt4gdc_dc3","DC3-R1-02","15","node0046","1","Generic","1U Server","node0046","","","0","0","0","","0","","","compute,cpu"
"idt4gdc_dc3","DC3-R1-02","16","node0047","1","Generic","1U Server","node0047","","","0","0","0","","0","","","compute,cpu"
"idt4gdc_dc3","DC3-R1-02","17","node0048","1","Generic","1U Server","node0048","","","0","0","0","","0","","","compute,cpu"
"idt4gdc_dc3","DC3-R1-02","18","node0049","1","Generic","1U Server","node0049","","","0","0","0","","0","","","compute,cpu"
"idt4gdc_dc3","DC3-R1-02","19","node0050","1","Generic","1U Server","node0050","","","0","0","0","","0","","","compute,cpu"
"idt4gdc_dc3","DC3-R1-02","20","node0051","1","Generic","1U Server","node0051","","","0","0","0","","0","","","compute,cpu"
"idt4gdc_dc3","DC3-R1-02","21","node0052","1","Generic","1U Server","node0052","","","0","0","0","","0","","","compute,cpu"
"idt4gdc_dc3","DC3-R1-02","22","node0053","1","Generic","1U Server","node0053","","","0","0","0","","0","","","compute,cpu"
"idt4gdc_dc3","DC3-R1-02","23","node0054","1","Generic","1U Server","node0054","","","0","0","0","","0","","","compute,cpu"
"idt4gdc_dc3","DC3-R1-02","24","node0055","1","Generic","1U Server","node0055","","","0","0","0","","0","","","compute,cpu"
"idt4gdc_dc3","DC3-R1-02","25","node0056","1","Generic","1U Server","node0056","","","0","0","0","","0","","","compute,cpu"
"idt4gdc_dc3","DC3-R1-02","26","node0057","1","Generic","1U Server","node0057","","","0","0","0","","0","","","compute,cpu"
"idt4gdc_dc3","DC3-R1-02","27","node0058","1","Generic","1U Server","node0058","","","0","0","0","","0","","","compute,cpu"
"idt4gdc_dc3","DC3-R1-02","28","node0059","1","Generic","1U Server","node0059","","","0","0","0","","0","","","compute,cpu"
"idt4gdc_dc3","DC3-R1-02","29","node0060","1","Generic","1U Server","node0060","","","0","0","0","","0","","","compute,cpu"
"idt4gdc_dc3","DC3-R1-02","30","node0061","1","Generic","1U Server","node0061","","","0","0","0","","0","","","compute,cpu"
"idt4gdc_dc3","DC3-R1-02","31","node0062","1","Generic","1U Server","node0062","","","0","0","0","","0","","","compute,cpu"
"idt4gdc_dc3","DC3-R1-02","32","node0063","1","Generic","1U Server","node0063","","","0","0","0","","0","","","compute,cpu"
"idt4gdc_dc3","DC3-R1-03","1","node0064","1","Generic","1U Server","node0064","","","0","0","0","","0","","","compute,cpu"
"idt4gdc_dc3","DC3-R1-03","2","node0065","1","Generic","1U Server","node0065","","","0","0","0","","0","","","compute,cpu"
"idt4gdc_dc3","DC3-R1-03","3","node0066","1","Generic","1U Server","node0066","","","0","0","0","","0","","","compute,cpu"
"idt4gdc_dc3","DC3-R1-03","4","node0067","1","Generic","1U Server","node0067","","","0","0","0","","0","","","compute,cpu"
"idt4gdc_dc3","DC3-R1-03","5","node0068","1","Generic","1U Server","node0068","","","0","0","0","","0","","","compute,cpu"
"idt4gdc_dc3","DC3-R1-03","6","node0069","1","Generic","1U Server","node0069","","","0","0","0","","0","","","compute,cpu"
"idt4gdc_dc3","DC3-R1-03","7","node0070","1","Generic","1U Server","node0070","","","0","0","0","","0","","","compute,cpu"
"idt4gdc_dc3","DC3-R1-03","8","node0071","1","Generic","1U Server","node0071","","","0","0","0","","0","","","compute,cpu"
"idt4gdc_dc3","DC3-R1-03","9","node0072","1","Generic","1U Server","node0072","","","0","0","0","","0","","","compute,cpu"
"idt4gdc_dc3","DC3-R1-03","10","node0073","1","Generic","1U Server","node0073","","","0","0","0","","0","","","compute,cpu"
"idt4gdc_dc3","DC3-R1-03","11","node0074","1","Generic","1U Server","node0074","","","0","0","0","","0","","","compute,cpu"
"idt4gdc_dc3","DC3-R1-03","12","node0075","1","Generic","1U Server","node0075","","","0","0","0","","0","","","compute,cpu"
"idt4gdc_dc3","DC3-R1-03","13","node0076","1","Generic","1U Server","node0076","","","0","0","0","","0","","","compute,cpu"
"idt4gdc_dc3","DC3-R1-03","14","node0077","1","Generic","1U Server","node0077","","","0","0","0","","0","","","compute,cpu"
"idt4gdc_dc3","DC3-R1-03","15","node0078","1","Generic","1U Server","node0078","","","0","0","0","","0","","","compute,cpu"
"idt4gdc_dc3","DC3-R1-03","16","node0079","1","Generic","1U Server","node0079","","","0","0","0","","0","","","compute,cpu"
"idt4gdc_dc3","DC3-R1-03","17","node0080","1","Generic","1U Server","node0080","","","0","0","0","","0","","","compute,cpu"
"idt4gdc_dc3","DC3-R1-03","18","node0081","1","Generic","1U Server","node0081","","","0","0","0","","0","","","compute,cpu"
"idt4gdc_dc3","DC3-R1-03","19","node0082","1","Generic","1U Server","node0082","","","0","0","0","","0","","","compute,cpu"
"idt4gdc_dc3","DC3-R1-03","20","node0083","1","Generic","1U Server","node0083","","","0","0","0","","0","","","compute,cpu"
"idt4gdc_dc3","DC3-R1-03","21","node0084","1","Generic","1U Server","node0084","","","0","0","0","","0","","","compute,cpu"
"idt4gdc_dc3","DC3-R1-03","22","node0085","1","Generic","1U Server","node0085","","","0","0","0","","0","","","compute,cpu"
"idt4gdc_dc3","DC3-R1-03","23","node0086","1","Generic","1U Server","node0086","","","0","0","0","","0","","","compute,cpu"
"idt4gdc_dc3","DC3-R1-03","24","node0087","1","Generic","1U Server","node0087","","","0","0","0","","0","","","compute,cpu"
"idt4gdc_dc3","DC3-R1-03","25","node0088","1","Generic","1U Server","node0088","","","0","0","0","","0","","","compute,cpu"
"idt4gdc_dc3","DC3-R1-03","26","node0089","1","Generic","1U Server","node0089","","","0","0","0","","0","","","compute,cpu"
"idt4gdc_dc3","DC3-R1-03","27","node0090","1","Generic","1U Server","node0090","","","0","0","0","","0","","","compute,cpu"
"idt4gdc_dc3","DC3-R1-03","28","node0091","1","Generic","1U Server","node0091","","","0","0","0","","0","","","compute,cpu"
"idt4gdc_dc3","DC3-R1-03","29","node0092","1","Generic","1U Server","node0092","","","0","0","0","","0","","","compute,cpu"
"idt4gdc_dc3","DC3-R1-03","30","node0093","1","Generic","1U Server","node0093","","","0","0","0","","0","","","compute,cpu"
"idt4gdc_dc3","DC3-R1-03","31","node0094","1","Generic","1U Server","node0094","","","0","0","0","","0","","","compute,cpu"
"idt4gdc_dc3","DC3-R1-03","32","node0095","1","Generic","1U Server","node0095","","","0","0","0","","0","","","compute,cpu"
"idt4gdc_dc3","DC3-R1-04","1","node0096","1","Generic","1U Server","node0096","","","0","0","0","","0","","","compute,cpu"
"idt4gdc_dc3","DC3-R1-04","2","node0097","1","Generic","1U Server","node0097","","","0","0","0","","0","","","compute,cpu"
"idt4gdc_dc3","DC3-R1-04","3","node0098","1","Generic","1U Server","node0098","","","0","0","0","","0","","","compute,cpu"
"idt4gdc_dc3","DC3-R1-04","4","node0099","1","Generic","1U Server","node0099","","","0","0","0","","0","","","compute,cpu"
"idt4gdc_dc3","DC3-R1-04","5","node0100","1","Generic","1U Server","node0100","","","0","0","0","","0","","","compute,cpu"
"idt4gdc_dc3","DC3-R1-04","6","node0101","1","Generic","1U Server","node0101","","","0","0","0","","0","","","compute,cpu"
"idt4gdc_dc3","DC3-R1-04","7","node0102","1","Generic","1U Server","node0102","","","0","0","0","","0","","","compute,cpu"
"idt4gdc_dc3","DC3-R1-04","8","node0103","1","Generic","1U Server","node0103","","","0","0","0","","0","","","compute,cpu"
"idt4gdc_dc3","DC3-R1-04","9","node0104","1","Generic","1U Server","node0104","","","0","0","0","","0","","","compute,cpu"
"idt4gdc_dc3","DC3-R1-04","10","node0105","1","Generic","1U Server","node0105","","","0","0","0","","0","","","compute,cpu"
"idt4gdc_dc3","DC3-R1-04","11","node0106","1","Generic","1U Server","node0106","","","0","0","0","","0","","","compute,cpu"
"idt4gdc_dc3","DC3-R1-04","12","node0107","1","Generic","1U Server","node0107","","","0","0","0","","0","","","compute,cpu"
"idt4gdc_dc3","DC3-R1-04","13","node0108","1","Generic","1U Server","node0108","","","0","0","0","","0","","","compute,cpu"
"idt4gdc_dc3","DC3-R1-04","14","node0109","1","Generic","1U Server","node0109","","","0","0","0","","0","","","compute,cpu"
"idt4gdc_dc3","DC3-R1-04","15","node0110","1","Generic","1U Server","node0110","","","0","0","0","","0","","","compute,cpu"
"idt4gdc_dc3","DC3-R1-04","16","node0111","1","Generic","1U Server","node0111","","","0","0","0","","0","","","compute,cpu"
"idt4gdc_dc3","DC3-R1-04","17","node0112","1","Generic","1U Server","node0112","","","0","0","0","","0","","","compute,cpu"
"idt4gdc_dc3","DC3-R1-04","18","node0113","1","Generic","1U Server","node0113","","","0","0","0","","0","","","compute,cpu"
"idt4gdc_dc3","DC3-R1-04","19","node0114","1","Generic","1U Server","node0114","","","0","0","0","","0","","","compute,cpu"
"idt4gdc_dc3","DC3-R1-04","20","node0115","1","Generic","1U Server","node0115","","","0","0","0","","0","","","compute,cpu"
"idt4gdc_dc3","DC3-R1-04","21","node0116","1","Generic","1U Server","node0116","","","0","0","0","","0","","","compute,cpu"
"idt4gdc_dc3","DC3-R1-04","22","node0117","1","Generic","1U Server","node0117","","","0","0","0","","0","","","compute,cpu"
"idt4gdc_dc3","DC3-R1-04","23","node0118","1","Generic","1U Server","node0118","","","0","0","0","","0","","","compute,cpu"
"idt4gdc_dc3","DC3-R1-04","24","node0119","1","Generic","1U Server","node0119","","","0","0","0","","0","","","compute,cpu"
"idt4gdc_dc3","DC3-R1-04","25","node0120","1","Generic","1U Server","node0120","","","0","0","0","","0","","","compute,cpu"
"idt4gdc_dc3","DC3-R1-04","26","node0121","1","Generic","1U Server","node0121","","","0","0","0","","0","","","compute,cpu"
"idt4gdc_dc3","DC3-R1-04","27","node0122","1","Generic","1U Server","node0122","","","0","0","0","","0","","","compute,cpu"
"idt4gdc_dc3","DC3-R1-04","28","node0123","1","Generic","1U Server","node0123","","","0","0","0","","0","","","compute,cpu"
"idt4gdc_dc3","DC3-R1-04","29","node0124","1","Generic","1U Server","node0124","","","0","0","0","","0","","","compute,cpu"
"idt4gdc_dc3","DC3-R1-04","30","node0125","1","Generic","1U Server","node0125","","","0","0","0","","0","","","compute,cpu"
"idt4gdc_dc3","DC3-R1-04","31","node0126","1","Generic","1U Server","node0126","","","0","0","0","","0","","","compute,cpu"
"idt4gdc_dc3","DC3-R1-04","32","node0127","1","Generic","1U Server","node0127","","","0","0","0","","0","","","compute,cpu"
"idt4gdc_dc3","DC3-R1-05","1","node0128","1","Generic","1U Server","node0128","","","0","0","0","","0","","","compute,cpu"
"idt4gdc_dc3","DC3-R1-05","2","node0129","1","Generic","1U Server","node0129","","","0","0","0","","0","","","compute,cpu"
"idt4gdc_dc3","DC3-R1-05","3","node0130","1","Generic","1U Server","node0130","","","0","0","0","","0","","","compute,cpu"
"idt4gdc_dc3","DC3-R1-05","4","node0131","1","Generic","1U Server","node0131","","","0","0","0","","0","","","compute,cpu"
"idt4gdc_dc3","DC3-R1-05","5","node0132","1","Generic","1U Server","node0132","","","0","0","0","","0","","","compute,cpu"
"idt4gdc_dc3","DC3-R1-05","6","node0133","1","Generic","1U Server","node0133","","","0","0","0","","0","","","compute,cpu"
"idt4gdc_dc3","DC3-R1-05","7","node0134","1","Generic","1U Server","node0134","","","0","0","0","","0","","","compute,cpu"
"idt4gdc_dc3","DC3-R1-05","8","node0135","1","Generic","1U Server","node0135","","","0","0","0","","0","","","compute,cpu"
"idt4gdc_dc3","DC3-R1-05","9","node0136","1","Generic","1U Server","node0136","","","0","0","0","","0","","","compute,cpu"
"idt4gdc_dc3","DC3-R1-05","10","node0137","1","Generic","1U Server","node0137","","","0","0","0","","0","","","compute,cpu"
"idt4gdc_dc3","DC3-R1-05","11","node0138","1","Generic","1U Server","node0138","","","0","0","0","","0","","","compute,cpu"
"idt4gdc_dc3","DC3-R1-05","12","node0139","1","Generic","1U Server","node0139","","","0","0","0","","0","","","compute,cpu"
"idt4gdc_dc3","DC3-R1-05","13","node0140","1","Generic","1U Server","node0140","","","0","0","0","","0","","","compute,cpu"
"idt4gdc_dc3","DC3-R1-05","14","node0141","1","Generic","1U Server","node0141","","","0","0","0","","0","","","compute,cpu"
"idt4gdc_dc3","DC3-R1-05","15","node0142","1","Generic","1U Server","node0142","","","0","0","0","","0","","","compute,cpu"
"idt4gdc_dc3","DC3-R1-05","16","node0143","1","Generic","1U Server","node0143","","","0","0","0","","0","","","compute,cpu"
"idt4gdc_dc3","DC3-R1-05","17","node0144","1","Generic","1U Server","node0144","","","0","0","0","","0","","","compute,cpu"
"idt4gdc_dc3","DC3-R1-05","18","node0145","1","Generic","1U Server","node0145","","","0","0","0","","0","","","compute,cpu"
"idt4gdc_dc3","DC3-R1-05","19","node0146","1","Generic","1U Server","node0146","","","0","0","0","","0","","","compute,cpu"
"idt4gdc_dc3","DC3-R1-05","20","node0147","1","Generic","1U Server","node0147","","","0","0","0","","0","","","compute,cpu"
"idt4gdc_dc3","DC3-R1-05","21","node0148","1","Generic","1U Server","node0148","","","0","0","0","","0","","","compute,cpu"
"idt4gdc_dc3","DC3-R1-05","22","node0149","1","Generic","1U Server","node0149","","","0","0","0","","0","","","compute,cpu"
"idt4gdc_dc3","DC3-R1-05","23","node0150","1","Generic","1U Server","node0150","","","0","0","0","","0","","","compute,cpu"
"idt4gdc_dc3","DC3-R1-05","24","node0151","1","Generic","1U Server","node0151","","","0","0","0","","0","","","compute,cpu"
"idt4gdc_dc3","DC3-R1-05","25","node0152","1","Generic","1U Server","node0152","","","0","0","0","","0","","","compute,cpu"
"idt4gdc_dc3","DC3-R1-05","26","node0153","1","Generic","1U Server","node0153","","","0","0","0","","0","","","compute,cpu"
"idt4gdc_dc3","DC3-R1-05","27","node0154","1","Generic","1U Server","node0154","","","0","0","0","","0","","","compute,cpu"
"idt4gdc_dc3","DC3-R1-05","28","node0155","1","Generic","1U Server","node0155","","","0","0","0","","0","","","compute,cpu"
"idt4gdc_dc3","DC3-R1-05","29","node0156","1","Generic","1U Server","node0156","","","0","0","0","","0","","","compute,cpu"
"idt4gdc_dc3","DC3-R1-05","30","node0157","1","Generic","1U Server","node0157","","","0","0","0","","0","","","compute,cpu"
"idt4gdc_dc3","DC3-R1-05","31","node0158","1","Generic","1U Server","node0158","","","0","0","0","","0","","","compute,cpu"
"idt4gdc_dc3","DC3-R1-05","32","node0159","1","Generic","1U Server","node0159","","","0","0","0","","0","","","compute,cpu"
"idt4gdc_dc3","DC3-R1-06","1","node0160","1","Generic","1U Server","node0160","","","0","0","0","","0","","","compute,cpu"
"idt4gdc_dc3","DC3-R1-06","2","node0161","1","Generic","1U Server","node0161","","","0","0","0","","0","","","compute,cpu"
"idt4gdc_dc3","DC3-R1-06","3","node0162","1","Generic","1U Server","node0162","","","0","0","0","","0","","","compute,cpu"
"idt4gdc_dc3","DC3-R1-06","4","node0163","1","Generic","1U Server","node0163","","","0","0","0","","0","","","compute,cpu"
"idt4gdc_dc3","DC3-R1-06","5","node0164","1","Generic","1U Server","node0164","","","0","0","0","","0","","","compute,cpu"
"idt4gdc_dc3","DC3-R1-06","6","node0165","1","Generic","1U Server","node0165","","","0","0","0","","0","","","compute,cpu"
"idt4gdc_dc3","DC3-R1-06","7","node0166","1","Generic","1U Server","node0166","","","0","0","0","","0","","","compute,cpu"
"idt4gdc_dc3","DC3-R1-06","8","node0167","1","Generic","1U Server","node0167","","","0","0","0","","0","","","compute,cpu"
"idt4gdc_dc3","DC3-R1-06","9","node0168","1","Generic","1U Server","node0168","","","0","0","0","","0","","","compute,cpu"
"idt4gdc_dc3","DC3-R1-06","10","node0169","1","Generic","1U Server","node0169","","","0","0","0","","0","","","compute,cpu"
"idt4gdc_dc3","DC3-R1-06","11","node0170","1","Generic","1U Server","node0170","","","0","0","0","","0","","","compute,cpu"
"idt4gdc_dc3","DC3-R1-06","12","node0171","1","Generic","1U Server","node0171","","","0","0","0","","0","","","compute,cpu"
"idt4gdc_dc3","DC3-R1-06","13","node0172","1","Generic","1U Server","node0172","","","0","0","0","","0","","","compute,cpu"
"idt4gdc_dc3","DC3-R1-06","14","node0173","1","Generic","1U Server","node0173","","","0","0","0","","0","","","compute,cpu"
"idt4gdc_dc3","DC3-R1-06","15","node0174","1","Generic","1U Server","node0174","","","0","0","0","","0","","","compute,cpu"
"idt4gdc_dc3","DC3-R1-06","16","node0175","1","Generic","1U Server","node0175","","","0","0","0","","0","","","compute,cpu"
"idt4gdc_dc3","DC3-R1-06","17","node0176","1","Generic","1U Server","node0176","","","0","0","0","","0","","","compute,cpu"
"idt4gdc_dc3","DC3-R1-06","18","node0177","1","Generic","1U Server","node0177","","","0","0","0","","0","","","compute,cpu"
"idt4gdc_dc3","DC3-R1-06","19","node0178","1","Generic","1U Server","node0178","","","0","0","0","","0","","","compute,cpu"
"idt4gdc_dc3","DC3-R1-06","20","node0179","1","Generic","1U Server","node0179","","","0","0","0","","0","","","compute,cpu"
"idt4gdc_dc3","DC3-R1-06","21","node0180","1","Generic","1U Server","node0180","","","0","0","0","","0","","","compute,cpu"
"idt4gdc_dc3","DC3-R1-06","22","node0181","1","Generic","1U Server","node0181","","","0","0","0","","0","","","compute,cpu"
"idt4gdc_dc3","DC3-R1-06","23","node0182","1","Generic","1U Server","node0182","","","0","0","0","","0","","","compute,cpu"
"idt4gdc_dc3","DC3-R1-06","24","node0183","1","Generic","1U Server","node0183","","","0","0","0","","0","","","compute,cpu"
"idt4gdc_dc3","DC3-R1-06","25","node0184","1","Generic","1U Server","node0184","","","0","0","0","","0","","","compute,cpu"
"idt4gdc_dc3","DC3-R1-06","26","node0185","1","Generic","1U Server","node0185","","","0","0","0","","0","","","compute,cpu"
"idt4gdc_dc3","DC3-R1-06","27","node0186","1","Generic","1U Server","node0186","","","0","0","0","","0","","","compute,cpu"
"idt4gdc_dc3","DC3-R1-06","28","node0187","1","Generic","1U Server","node0187","","","0","0","0","","0","","","compute,cpu"
"idt4gdc_dc3","DC3-R1-06","29","node0188","1","Generic","1U Server","node0188","","","0","0","0","","0","","","compute,cpu"
"idt4gdc_dc3","DC3-R1-06","30","node0189","1","Generic","1U Server","node0189","","","0","0","0","","0","","","compute,cpu"
"idt4gdc_dc3","DC3-R1-06","31","node0190","1","Generic","1U Server","node0190","","","0","0","0","","0","","","compute,cpu"
"idt4gdc_dc3","DC3-R1-06","32","node0191","1","Generic","1U Server","node0191","","","0","0","0","","0","","","compute,cpu"
"idt4gdc_dc3","DC3-R1-07","1","node0192","1","Generic","1U Server","node0192","","","0","0","0","","0","","","compute,cpu"
"idt4gdc_dc3","DC3-R1-07","2","node0193","1","Generic","1U Server","node0193","","","0","0","0","","0","","","compute,cpu"
"idt4gdc_dc3","DC3-R1-07","3","node0194","1","Generic","1U Server","node0194","","","0","0","0","","0","","","compute,cpu"
"idt4gdc_dc3","DC3-R1-07","4","node0195","1","Generic","1U Server","node0195","","","0","0","0","","0","","","compute,cpu"
"idt4gdc_dc3","DC3-R1-07","5","node0196","1","Generic","1U Server","node0196","","","0","0","0","","0","","","compute,cpu"
"idt4gdc_dc3","DC3-R1-07","6","node0197","1","Generic","1U Server","node0197","","","0","0","0","","0","","","compute,cpu"
"idt4gdc_dc3","DC3-R1-07","7","node0198","1","Generic","1U Server","node0198","","","0","0","0","","0","","","compute,cpu"
"idt4gdc_dc3","DC3-R1-07","8","node0199","1","Generic","1U Server","node0199","","","0","0","0","","0","","","compute,cpu"
"idt4gdc_dc3","DC3-R1-07","9","node0200","1","Generic","1U Server","node0200","","","0","0","0","","0","","","compute,cpu"
"idt4gdc_dc3","DC3-R1-07","10","node0201","1","Generic","1U Server","node0201","","","0","0","0","","0","","","compute,cpu"
"idt4gdc_dc3","DC3-R1-07","11","node0202","1","Generic","1U Server","node0202","","","0","0","0","","0","","","compute,cpu"
"idt4gdc_dc3","DC3-R1-07","12","node0203","1","Generic","1U Server","node0203","","","0","0","0","","0","","","compute,cpu"
"idt4gdc_dc3","DC3-R1-07","13","node0204","1","Generic","1U Server","node0204","","","0","0","0","","0","","","compute,cpu"
"idt4gdc_dc3","DC3-R1-07","14","node0205","1","Generic","1U Server","node0205","","","0","0","0","","0","","","compute,cpu"
"idt4gdc_dc3","DC3-R1-07","15","node0206","1","Generic","1U Server","node0206","","","0","0","0","","0","","","compute,cpu"
"idt4gdc_dc3","DC3-R1-07","16","node0207","1","Generic","1U Server","node0207","","","0","0","0","","0","","","compute,cpu"
"idt4gdc_dc3","DC3-R1-07","17","node0208","1","Generic","1U Server","node0208","","","0","0","0","","0","","","compute,cpu"
"idt4gdc_dc3","DC3-R1-07","18","node0209","1","Generic","1U Server","node0209","","","0","0","0","","0","","","compute,cpu"
"idt4gdc_dc3","DC3-R1-07","19","node0210","1","Generic","1U Server","node0210","","","0","0","0","","0","","","compute,cpu"
"idt4gdc_dc3","DC3-R1-07","20","node0211","1","Generic","1U Server","node0211","","","0","0","0","","0","","","compute,cpu"
"idt4gdc_dc3","DC3-R1-07","21","node0212","1","Generic","1U Server","node0212","","","0","0","0","","0","","","compute,cpu"
"idt4gdc_dc3","DC3-R1-07","22","node0213","1","Generic","1U Server","node0213","","","0","0","0","","0","","","compute,cpu"
"idt4gdc_dc3","DC3-R1-07","23","node0214","1","Generic","1U Server","node0214","","","0","0","0","","0","","","compute,cpu"
"idt4gdc_dc3","DC3-R1-07","24","node0215","1","Generic","1U Server","node0215","","","0","0","0","","0","","","compute,cpu"
"idt4gdc_dc3","DC3-R1-07","25","node0216","1","Generic","1U Server","node0216","","","0","0","0","","0","","","compute,cpu"
"idt4gdc_dc3","DC3-R1-07","26","node0217","1","Generic","1U Server","node0217","","","0","0","0","","0","","","compute,cpu"
"idt4gdc_dc3","DC3-R1-07","27","node0218","1","Generic","1U Server","node0218","","","0","0","0","","0","","","compute,cpu"
"idt4gdc_dc3","DC3-R1-07","28","node0219","1","Generic","1U Server","node0219","","","0","0","0","","0","","","compute,cpu"
"idt4gdc_dc3","DC3-R1-07","29","node0220","1","Generic","1U Server","node0220","","","0","0","0","","0","","","compute,cpu"
"idt4gdc_dc3","DC3-R1-07","30","node0221","1","Generic","1U Server","node0221","","","0","0","0","","0","","","compute,cpu"
"idt4gdc_dc3","DC3-R1-07","31","node0222","1","Generic","1U Server","node0222","","","0","0","0","","0","","","compute,cpu"
"idt4gdc_dc3","DC3-R1-07","32","node0223","1","Generic","1U Server","node0223","","","0","0","0","","0","","","compute,cpu"
"idt4gdc_dc3","DC3-R1-08","1","node0224","1","Generic","1U Server","node0224","","","0","0","0","","0","","","compute,cpu"
"idt4gdc_dc3","DC3-R1-08","2","node0225","1","Generic","1U Server","node0225","","","0","0","0","","0","","","compute,cpu"
"idt4gdc_dc3","DC3-R1-08","3","node0226","1","Generic","1U Server","node0226","","","0","0","0","","0","","","compute,cpu"
"idt4gdc_dc3","DC3-R1-08","4","node0227","1","Generic","1U Server","node0227","","","0","0","0","","0","","","compute,cpu"
"idt4gdc_dc3","DC3-R1-08","5","node0228","1","Generic","1U Server","node0228","","","0","0","0","","0","","","compute,cpu"
"idt4gdc_dc3","DC3-R1-08","6","node0229","1","Generic","1U Server","node0229","","","0","0","0","","0","","","compute,cpu"
"idt4gdc_dc3","DC3-R1-08","7","node0230","1","Generic","1U Server","node0230","","","0","0","0","","0","","","compute,cpu"
"idt4gdc_dc3","DC3-R1-08","8","node0231","1","Generic","1U Server","node0231","","","0","0","0","","0","","","compute,cpu"
"idt4gdc_dc3","DC3-R1-08","9","node0232","1","Generic","1U Server","node0232","","","0","0","0","","0","","","compute,cpu"
"idt4gdc_dc3","DC3-R1-08","10","node0233","1","Generic","1U Server","node0233","","","0","0","0","","0","","","compute,cpu"
"idt4gdc_dc3","DC3-R1-08","11","node0234","1","Generic","1U Server","node0234","","","0","0","0","","0","","","compute,cpu"
"idt4gdc_dc3","DC3-R1-08","12","node0235","1","Generic","1U Server","node0235","","","0","0","0","","0","","","compute,cpu"
"idt4gdc_dc3","DC3-R1-08","13","node0236","1","Generic","1U Server","node0236","","","0","0","0","","0","","","compute,cpu"
"idt4gdc_dc3","DC3-R1-08","14","node0237","1","Generic","1U Server","node0237","","","0","0","0","","0","","","compute,cpu"
"idt4gdc_dc3","DC3-R1-08","15","node0238","1","Generic","1U Server","node0238","","","0","0","0","","0","","","compute,cpu"
"idt4gdc_dc3","DC3-R1-08","16","node0239","1","Generic","1U Server","node0239","","","0","0","0","","0","","","compute,cpu"
"idt4gdc_dc3","DC3-R1-08","17","node0240","1","Generic","1U Server","node0240","","","0","0","0","","0","","","compute,cpu"
"idt4gdc_dc3","DC3-R1-08","18","node0241","1","Generic","1U Server","node0241","","","0","0","0","","0","","","compute,cpu"
"idt4gdc_dc3","DC3-R1-08","19","node0242","1","Generic","1U Server","node0242","","","0","0","0","","0","","","compute,cpu"
"idt4gdc_dc3","DC3-R1-08","20","node0243","1","Generic","1U Server","node0243","","","0","0","0","","0","","","compute,cpu"
"idt4gdc_dc3","DC3-R1-08","21","node0244","1","Generic","1U Server","node0244","","","0","0","0","","0","","","compute,cpu"
"idt4gdc_dc3","DC3-R1-08","22","node0245","1","Generic","1U Server","node0245","","","0","0","0","","0","","","compute,cpu"
"idt4gdc_dc3","DC3-R1-08","23","node0246","1","Generic","1U Server","node0246","","","0","0","0","","0","","","compute,cpu"
"idt4gdc_dc3","DC3-R1-08","24","node0247","1","Generic","1U Server","node0247","","","0","0","0","","0","","","compute,cpu"
"idt4gdc_dc3","DC3-R1-08","25","node0248","1","Generic","1U Server","node0248","","","0","0","0","","0","","","compute,cpu"
"idt4gdc_dc3","DC3-R1-08","26","node0249","1","Generic","1U Server","node0249","","","0","0","0","","0","","","compute,cpu"
"idt4gdc_dc3","DC3-R1-08","27","node0250","1","Generic","1U Server","node0250","","","0","0","0","","0","","","compute,cpu"
"idt4gdc_dc3","DC3-R1-08","28","node0251","1","Generic","1U Server","node0251","","","0","0","0","","0","","","compute,cpu"
"idt4gdc_dc3","DC3-R1-08","29","node0252","1","Generic","1U Server","node0252","","","0","0","0","","0","","","compute,cpu"
"idt4gdc_dc3","DC3-R1-08","30","node0253","1","Generic","1U Server","node0253","","","0","0","0","","0","","","compute,cpu"
"idt4gdc_dc3","DC3-R1-08","31","node0254","1","Generic","1U Server","node0254","","","0","0","0","","0","","","compute,cpu"
"idt4gdc_dc3","DC3-R1-08","32","node0255","1","Generic","1U Server","node0255","","","0","0","0","","0","","","compute,cpu"
"idt4gdc_dc3","DC3-R1-09","1","node0256","1","Generic","1U Server","node0256","","","0","0","0","","0","","","compute,cpu"
"idt4gdc_dc3","DC3-R1-09","2","node0257","1","Generic","1U Server","node0257","","","0","0","0","","0","","","compute,cpu"
"idt4gdc_dc3","DC3-R1-09","3","node0258","1","Generic","1U Server","node0258","","","0","0","0","","0","","","compute,cpu"
"idt4gdc_dc3","DC3-R1-09","4","node0259","1","Generic","1U Server","node0259","","","0","0","0","","0","","","compute,cpu"
"idt4gdc_dc3","DC3-R1-09","5","node0260","1","Generic","1U Server","node0260","","","0","0","0","","0","","","compute,cpu"
"idt4gdc_dc3","DC3-R1-09","6","node0261","1","Generic","1U Server","node0261","","","0","0","0","","0","","","compute,cpu"
"idt4gdc_dc3","DC3-R1-09","7","node0262","1","Generic","1U Server","node0262","","","0","0","0","","0","","","compute,cpu"
"idt4gdc_dc3","DC3-R1-09","8","node0263","1","Generic","1U Server","node0263","","","0","0","0","","0","","","compute,cpu"
"idt4gdc_dc3","DC3-R1-09","9","node0264","1","Generic","1U Server","node0264","","","0","0","0","","0","","","compute,cpu"
"idt4gdc_dc3","DC3-R1-09","10","node0265","1","Generic","1U Server","node0265","","","0","0","0","","0","","","compute,cpu"
"idt4gdc_dc3","DC3-R1-09","11","node0266","1","Generic","1U Server","node0266","","","0","0","0","","0","","","compute,cpu"
"idt4gdc_dc3","DC3-R1-09","12","node0267","1","Generic","1U Server","node0267","","","0","0","0","","0","","","compute,cpu"
"idt4gdc_dc3","DC3-R1-09","13","node0268","1","Generic","1U Server","node0268","","","0","0","0","","0","","","compute,cpu"
"idt4gdc_dc3","DC3-R1-09","14","node0269","1","Generic","1U Server","node0269","","","0","0","0","","0","","","compute,cpu"
"idt4gdc_dc3","DC3-R1-09","15","node0270","1","Generic","1U Server","node0270","","","0","0","0","","0","","","compute,cpu"
"idt4gdc_dc3","DC3-R1-09","16","node0271","1","Generic","1U Server","node0271","","","0","0","0","","0","","","compute,cpu"
"idt4gdc_dc3","DC3-R1-09","17","node0272","1","Generic","1U Server","node0272","","","0","0","0","","0","","","compute,cpu"
"idt4gdc_dc3","DC3-R1-09","18","node0273","1","Generic","1U Server","node0273","","","0","0","0","","0","","","compute,cpu"
"idt4gdc_dc3","DC3-R1-09","19","node0274","1","Generic","1U Server","node0274","","","0","0","0","","0","","","compute,cpu"
"idt4gdc_dc3","DC3-R1-09","20","node0275","1","Generic","1U Server","node0275","","","0","0","0","","0","","","compute,cpu"
"idt4gdc_dc3","DC3-R1-09","21","node0276","1","Generic","1U Server","node0276","","","0","0","0","","0","","","compute,cpu"
"idt4gdc_dc3","DC3-R1-09","22","node0277","1","Generic","1U Server","node0277","","","0","0","0","","0","","","compute,cpu"
"idt4gdc_dc3","DC3-R1-09","23","node0278","1","Generic","1U Server","node0278","","","0","0","0","","0","","","compute,cpu"
"idt4gdc_dc3","DC3-R1-09","24","node0279","1","Generic","1U Server","node0279","","","0","0","0","","0","","","compute,cpu"
"idt4gdc_dc3","DC3-R1-09","25","node0280","1","Generic","1U Server","node0280","","","0","0","0","","0","","","compute,cpu"
"idt4gdc_dc3","DC3-R1-09","26","node0281","1","Generic","1U Server","node0281","","","0","0","0","","0","","","compute,cpu"
"idt4gdc_dc3","DC3-R1-09","27","node0282","1","Generic","1U Server","node0282","","","0","0","0","","0","","","compute,cpu"
"idt4gdc_dc3","DC3-R1-09","28","node0283","1","Generic","1U Server","node0283","","","0","0","0","","0","","","compute,cpu"
"idt4gdc_dc3","DC3-R1-09","29","node0284","1","Generic","1U Server","node0284","","","0","0","0","","0","","","compute,cpu"
"idt4gdc_dc3","DC3-R1-09","30","node0285","1","Generic","1U Server","node0285","","","0","0","0","","0","","","compute,cpu"
"idt4gdc_dc3","DC3-R1-09","31","node0286","1","Generic","1U Server","node0286","","","0","0","0","","0","","","compute,cpu"
"idt4gdc_dc3","DC3-R1-09","32","node0287","1","Generic","1U Server","node0287","","","0","0","0","","0","","","compute,cpu"
"idt4gdc_dc3","DC3-R1-10","1","node0288","1","Generic","1U Server","node0288","","","0","0","0","","0","","","compute,cpu"
"idt4gdc_dc3","DC3-R1-10","2","node0289","1","Generic","1U Server","node0289","","","0","0","0","","0","","","compute,cpu"
"idt4gdc_dc3","DC3-R1-10","3","node0290","1","Generic","1U Server","node0290","","","0","0","0","","0","","","compute,cpu"
"idt4gdc_dc3","DC3-R1-10","4","node0291","1","Generic","1U Server","node0291","","","0","0","0","","0","","","compute,cpu"
"idt4gdc_dc3","DC3-R1-10","5","node0292","1","Generic","1U Server","node0292","","","0","0","0","","0","","","compute,cpu"
"idt4gdc_dc3","DC3-R1-10","6","node0293","1","Generic","1U Server","node0293","","","0","0","0","","0","","","compute,cpu"
"idt4gdc_dc3","DC3-R1-10","7","node0294","1","Generic","1U Server","node0294","","","0","0","0","","0","","","compute,cpu"
"idt4gdc_dc3","DC3-R1-10","8","node0295","1","Generic","1U Server","node0295","","","0","0","0","","0","","","compute,cpu"
"idt4gdc_dc3","DC3-R1-10","9","node0296","1","Generic","1U Server","node0296","","","0","0","0","","0","","","compute,cpu"
"idt4gdc_dc3","DC3-R1-10","10","node0297","1","Generic","1U Server","node0297","","","0","0","0","","0","","","compute,cpu"
"idt4gdc_dc3","DC3-R1-10","11","node0298","1","Generic","1U Server","node0298","","","0","0","0","","0","","","compute,cpu"
"idt4gdc_dc3","DC3-R1-10","12","node0299","1","Generic","1U Server","node0299","","","0","0","0","","0","","","compute,cpu"
"idt4gdc_dc3","DC3-R1-10","13","node0300","1","Generic","1U Server","node0300","","","0","0","0","","0","","","compute,cpu"
"idt4gdc_dc3","DC3-R1-10","14","node0301","1","Generic","1U Server","node0301","","","0","0","0","","0","","","compute,cpu"
"idt4gdc_dc3","DC3-R1-10","15","node0302","1","Generic","1U Server","node0302","","","0","0","0","","0","","","compute,cpu"
"idt4gdc_dc3","DC3-R1-10","16","node0303","1","Generic","1U Server","node0303","","","0","0","0","","0","","","compute,cpu"
"idt4gdc_dc3","DC3-R1-10","17","node0304","1","Generic","1U Server","node0304","","","0","0","0","","0","","","compute,cpu"
"idt4gdc_dc3","DC3-R1-10","18","node0305","1","Generic","1U Server","node0305","","","0","0","0","","0","","","compute,cpu"
"idt4gdc_dc3","DC3-R1-10","19","node0306","1","Generic","1U Server","node0306","","","0","0","0","","0","","","compute,cpu"
"idt4gdc_dc3","DC3-R1-10","20","node0307","1","Generic","1U Server","node0307","","","0","0","0","","0","","","compute,cpu"
"idt4gdc_dc3","DC3-R1-10","21","node0308","1","Generic","1U Server","node0308","","","0","0","0","","0","","","compute,cpu"
"idt4gdc_dc3","DC3-R1-10","22","node0309","1","Generic","1U Server","node0309","","","0","0","0","","0","","","compute,cpu"
"idt4gdc_dc3","DC3-R1-10","23","node0310","1","Generic","1U Server","node0310","","","0","0","0","","0","","","compute,cpu"
"idt4gdc_dc3","DC3-R1-10","24","node0311","1","Generic","1U Server","node0311","","","0","0","0","","0","","","compute,cpu"
"idt4gdc_dc3","DC3-R1-10","25","node0312","1","Generic","1U Server","node0312","","","0","0","0","","0","","","compute,cpu"
"idt4gdc_dc3","DC3-R1-10","26","node0313","1","Generic","1U Server","node0313","","","0","0","0","","0","","","compute,cpu"
"idt4gdc_dc3","DC3-R1-10","27","node0314","1","Generic","1U Server","node0314","","","0","0","0","","0","","","compute,cpu"
"idt4gdc_dc3","DC3-R1-10","28","node0315","1","Generic","1U Server","node0315","","","0","0","0","","0","","","compute,cpu"
"idt4gdc_dc3","DC3-R1-10","29","node0316","1","Generic","1U Server","node0316","","","0","0","0","","0","","","compute,cpu"
"idt4gdc_dc3","DC3-R1-10","30","node0317","1","Generic","1U Server","node0317","","","0","0","0","","0","","","compute,cpu"
"idt4gdc_dc3","DC3-R1-10","31","node0318","1","Generic","1U Server","node0318","","","0","0","0","","0","","","compute,cpu"
"idt4gdc_dc3","DC3-R1-10","32","node0319","1","Generic","1U Server","node0319","","","0","0","0","","0","","","compute,cpu"
"idt4gdc_dc3","DC3-R1-11","1","node0320","1","Generic","1U Server","node0320","","","0","0","0","","0","","","compute,cpu"
"idt4gdc_dc3","DC3-R1-11","2","node0321","1","Generic","1U Server","node0321","","","0","0","0","","0","","","compute,cpu"
"idt4gdc_dc3","DC3-R1-11","3","node0322","1","Generic","1U Server","node0322","","","0","0","0","","0","","","compute,cpu"
"idt4gdc_dc3","DC3-R1-11","4","node0323","1","Generic","1U Server","node0323","","","0","0","0","","0","","","compute,cpu"
"idt4gdc_dc3","DC3-R1-11","5","node0324","1","Generic","1U Server","node0324","","","0","0","0","","0","","","compute,cpu"
"idt4gdc_dc3","DC3-R1-11","6","node0325","1","Generic","1U Server","node0325","","","0","0","0","","0","","","compute,cpu"
"idt4gdc_dc3","DC3-R1-11","7","node0326","1","Generic","1U Server","node0326","","","0","0","0","","0","","","compute,cpu"
"idt4gdc_dc3","DC3-R1-11","8","node0327","1","Generic","1U Server","node0327","","","0","0","0","","0","","","compute,cpu"
"idt4gdc_dc3","DC3-R1-11","9","node0328","1","Generic","1U Server","node0328","","","0","0","0","","0","","","compute,cpu"
"idt4gdc_dc3","DC3-R1-11","10","node0329","1","Generic","1U Server","node0329","","","0","0","0","","0","","","compute,cpu"
"idt4gdc_dc3","DC3-R1-11","11","node0330","1","Generic","1U Server","node0330","","","0","0","0","","0","","","compute,cpu"
"idt4gdc_dc3","DC3-R1-11","12","node0331","1","Generic","1U Server","node0331","","","0","0","0","","0","","","compute,cpu"
"idt4gdc_dc3","DC3-R1-11","13","node0332","1","Generic","1U Server","node0332","","","0","0","0","","0","","","compute,cpu"
"idt4gdc_dc3","DC3-R1-11","14","node0333","1","Generic","1U Server","node0333","","","0","0","0","","0","","","compute,cpu"
"idt4gdc_dc3","DC3-R1-11","15","node0334","1","Generic","1U Server","node0334","","","0","0","0","","0","","","compute,cpu"
"idt4gdc_dc3","DC3-R1-11","16","node0335","1","Generic","1U Server","node0335","","","0","0","0","","0","","","compute,cpu"
"idt4gdc_dc3","DC3-R1-11","17","node0336","1","Generic","1U Server","node0336","","","0","0","0","","0","","","compute,cpu"
"idt4gdc_dc3","DC3-R1-11","18","node0337","1","Generic","1U Server","node0337","","","0","0","0","","0","","","compute,cpu"
"idt4gdc_dc3","DC3-R1-11","19","node0338","1","Generic","1U Server","node0338","","","0","0","0","","0","","","compute,cpu"
"idt4gdc_dc3","DC3-R1-11","20","node0339","1","Generic","1U Server","node0339","","","0","0","0","","0","","","compute,cpu"
"idt4gdc_dc3","DC3-R1-11","21","node0340","1","Generic","1U Server","node0340","","","0","0","0","","0","","","compute,cpu"
"idt4gdc_dc3","DC3-R1-11","22","node0341","1","Generic","1U Server","node0341","","","0","0","0","","0","","","compute,cpu"
"idt4gdc_dc3","DC3-R1-11","23","node0342","1","Generic","1U Server","node0342","","","0","0","0","","0","","","compute,cpu"
"idt4gdc_dc3","DC3-R1-11","24","node0343","1","Generic","1U Server","node0343","","","0","0","0","","0","","","compute,cpu"
"idt4gdc_dc3","DC3-R1-11","25","node0344","1","Generic","1U Server","node0344","","","0","0","0","","0","","","compute,cpu"
"idt4gdc_dc3","DC3-R1-11","26","node0345","1","Generic","1U Server","node0345","","","0","0","0","","0","","","compute,cpu"
"idt4gdc_dc3","DC3-R1-11","27","node0346","1","Generic","1U Server","node0346","","","0","0","0","","0","","","compute,cpu"
"idt4gdc_dc3","DC3-R1-11","28","node0347","1","Generic","1U Server","node0347","","","0","0","0","","0","","","compute,cpu"
"idt4gdc_dc3","DC3-R1-11","29","node0348","1","Generic","1U Server","node0348","","","0","0","0","","0","","","compute,cpu"
"idt4gdc_dc3","DC3-R1-11","30","node0349","1","Generic","1U Server","node0349","","","0","0","0","","0","","","compute,cpu"
"idt4gdc_dc3","DC3-R1-11","31","node0350","1","Generic","1U Server","node0350","","","0","0","0","","0","","","compute,cpu"
"idt4gdc_dc3","DC3-R1-11","32","node0351","1","Generic","1U Server","node0351","","","0","0","0","","0","","","compute,cpu"
"idt4gdc_dc3","DC3-R1-12","1","node0352","1","Generic","1U Server","node0352","","","0","0","0","","0","","","compute,cpu"
"idt4gdc_dc3","DC3-R1-12","2","node0353","1","Generic","1U Server","node0353","","","0","0","0","","0","","","compute,cpu"
"idt4gdc_dc3","DC3-R1-12","3","node0354","1","Generic","1U Server","node0354","","","0","0","0","","0","","","compute,cpu"
"idt4gdc_dc3","DC3-R1-12","4","node0355","1","Generic","1U Server","node0355","","","0","0","0","","0","","","compute,cpu"
"idt4gdc_dc3","DC3-R1-12","5","node0356","1","Generic","1U Server","node0356","","","0","0","0","","0","","","compute,cpu"
"idt4gdc_dc3","DC3-R1-12","6","node0357","1","Generic","1U Server","node0357","","","0","0","0","","0","","","compute,cpu"
"idt4gdc_dc3","DC3-R1-12","7","node0358","1","Generic","1U Server","node0358","","","0","0","0","","0","","","compute,cpu"
"idt4gdc_dc3","DC3-R1-12","8","node0359","1","Generic","1U Server","node0359","","","0","0","0","","0","","","compute,cpu"
"idt4gdc_dc3","DC3-R1-12","9","node0360","1","Generic","1U Server","node0360","","","0","0","0","","0","","","compute,cpu"
"idt4gdc_dc3","DC3-R1-12","10","node0361","1","Generic","1U Server","node0361","","","0","0","0","","0","","","compute,cpu"
"idt4gdc_dc3","DC3-R1-12","11","node0362","1","Generic","1U Server","node0362","","","0","0","0","","0","","","compute,cpu"
"idt4gdc_dc3","DC3-R1-12","12","node0363","1","Generic","1U Server","node0363","","","0","0","0","","0","","","compute,cpu"
"idt4gdc_dc3","DC3-R1-12","13","node0364","1","Generic","1U Server","node0364","","","0","0","0","","0","","","compute,cpu"
"idt4gdc_dc3","DC3-R1-12","14","node0365","1","Generic","1U Server","node0365","","","0","0","0","","0","","","compute,cpu"
"idt4gdc_dc3","DC3-R1-12","15","node0366","1","Generic","1U Server","node0366","","","0","0","0","","0","","","compute,cpu"
"idt4gdc_dc3","DC3-R1-12","16","node0367","1","Generic","1U Server","node0367","","","0","0","0","","0","","","compute,cpu"
"idt4gdc_dc3","DC3-R1-12","17","node0368","1","Generic","1U Server","node0368","","","0","0","0","","0","","","compute,cpu"
"idt4gdc_dc3","DC3-R1-12","18","node0369","1","Generic","1U Server","node0369","","","0","0","0","","0","","","compute,cpu"
"idt4gdc_dc3","DC3-R1-12","19","node0370","1","Generic","1U Server","node0370","","","0","0","0","","0","","","compute,cpu"
"idt4gdc_dc3","DC3-R1-12","20","node0371","1","Generic","1U Server","node0371","","","0","0","0","","0","","","compute,cpu"
"idt4gdc_dc3","DC3-R1-12","21","node0372","1","Generic","1U Server","node0372","","","0","0","0","","0","","","compute,cpu"
"idt4gdc_dc3","DC3-R1-12","22","node0373","1","Generic","1U Server","node0373","","","0","0","0","","0","","","compute,cpu"
"idt4gdc_dc3","DC3-R1-12","23","node0374","1","Generic","1U Server","node0374","","","0","0","0","","0","","","compute,cpu"
"idt4gdc_dc3","DC3-R1-12","24","node0375","1","Generic","1U Server","node0375","","","0","0","0","","0","","","compute,cpu"
"idt4gdc_dc3","DC3-R1-12","25","node0376","1","Generic","1U Server","node0376","","","0","0","0","","0","","","compute,cpu"
"idt4gdc_dc3","DC3-R1-12","26","node0377","1","Generic","1U Server","node0377","","","0","0","0","","0","","","compute,cpu"
"idt4gdc_dc3","DC3-R1-12","27","node0378","1","Generic","1U Server","node0378","","","0","0","0","","0","","","compute,cpu"
"idt4gdc_dc3","DC3-R1-12","28","node0379","1","Generic","1U Server","node0379","","","0","0","0","","0","","","compute,cpu"
"idt4gdc_dc3","DC3-R1-12","29","node0380","1","Generic","1U Server","node0380","","","0","0","0","","0","","","compute,cpu"
"idt4gdc_dc3","DC3-R1-12","30","node0381","1","Generic","1U Server","node0381","","","0","0","0","","0","","","compute,cpu"
"idt4gdc_dc3","DC3-R1-12","31","node0382","1","Generic","1U Server","node0382","","","0","0","0","","0","","","compute,cpu"
"idt4gdc_dc3","DC3-R1-12","32","node0383","1","Generic","1U Server","node0383","","","0","0","0","","0","","","compute,cpu"
"idt4gdc_dc3","DC3-R1-13","1","node0384","1","Generic","1U Server","node0384","","","0","0","0","","0","","","compute,cpu"
"idt4gdc_dc3","DC3-R1-13","2","node0385","1","Generic","1U Server","node0385","","","0","0","0","","0","","","compute,cpu"
"idt4gdc_dc3","DC3-R1-13","3","node0386","1","Generic","1U Server","node0386","","","0","0","0","","0","","","compute,cpu"
"idt4gdc_dc3","DC3-R1-13","4","node0387","1","Generic","1U Server","node0387","","","0","0","0","","0","","","compute,cpu"
"idt4gdc_dc3","DC3-R1-13","5","node0388","1","Generic","1U Server","node0388","","","0","0","0","","0","","","compute,cpu"
"idt4gdc_dc3","DC3-R1-13","6","node0389","1","Generic","1U Server","node0389","","","0","0","0","","0","","","compute,cpu"
"idt4gdc_dc3","DC3-R1-13","7","node0390","1","Generic","1U Server","node0390","","","0","0","0","","0","","","compute,cpu"
"idt4gdc_dc3","DC3-R1-13","8","node0391","1","Generic","1U Server","node0391","","","0","0","0","","0","","","compute,cpu"
"idt4gdc_dc3","DC3-R1-13","9","node0392","1","Generic","1U Server","node0392","","","0","0","0","","0","","","compute,cpu"
"idt4gdc_dc3","DC3-R1-13","10","node0393","1","Generic","1U Server","node0393","","","0","0","0","","0","","","compute,cpu"
"idt4gdc_dc3","DC3-R1-13","11","node0394","1","Generic","1U Server","node0394","","","0","0","0","","0","","","compute,cpu"
"idt4gdc_dc3","DC3-R1-13","12","node0395","1","Generic","1U Server","node0395","","","0","0","0","","0","","","compute,cpu"
"idt4gdc_dc3","DC3-R1-13","13","node0396","1","Generic","1U Server","node0396","","","0","0","0","","0","","","compute,cpu"
"idt4gdc_dc3","DC3-R1-13","14","node0397","1","Generic","1U Server","node0397","","","0","0","0","","0","","","compute,cpu"
"idt4gdc_dc3","DC3-R1-13","15","node0398","1","Generic","1U Server","node0398","","","0","0","0","","0","","","compute,cpu"
"idt4gdc_dc3","DC3-R1-13","16","node0399","1","Generic","1U Server","node0399","","","0","0","0","","0","","","compute,cpu"
"idt4gdc_dc3","DC3-R1-13","17","node0400","1","Generic","1U Server","node0400","","","0","0","0","","0","","","compute,cpu"
"idt4gdc_dc3","DC3-R1-13","18","node0401","1","Generic","1U Server","node0401","","","0","0","0","","0","","","compute,cpu"
"idt4gdc_dc3","DC3-R1-13","19","node0402","1","Generic","1U Server","node0402","","","0","0","0","","0","","","compute,cpu"
"idt4gdc_dc3","DC3-R1-13","20","node0403","1","Generic","1U Server","node0403","","","0","0","0","","0","","","compute,cpu"
"idt4gdc_dc3","DC3-R1-13","21","node0404","1","Generic","1U Server","node0404","","","0","0","0","","0","","","compute,cpu"
"idt4gdc_dc3","DC3-R1-13","22","node0405","1","Generic","1U Server","node0405","","","0","0","0","","0","","","compute,cpu"
"idt4gdc_dc3","DC3-R1-13","23","node0406","1","Generic","1U Server","node0406","","","0","0","0","","0","","","compute,cpu"
"idt4gdc_dc3","DC3-R1-13","24","node0407","1","Generic","1U Server","node0407","","","0","0","0","","0","","","compute,cpu"
"idt4gdc_dc3","DC3-R1-13","25","node0408","1","Generic","1U Server","node0408","","","0","0","0","","0","","","compute,cpu"
"idt4gdc_dc3","DC3-R1-13","26","node0409","1","Generic","1U Server","node0409","","","0","0","0","","0","","","compute,cpu"
"idt4gdc_dc3","DC3-R1-13","27","node0410","1","Generic","1U Server","node0410","","","0","0","0","","0","","","compute,cpu"
"idt4gdc_dc3","DC3-R1-13","28","node0411","1","Generic","1U Server","node0411","","","0","0","0","","0","","","compute,cpu"
"idt4gdc_dc3","DC3-R1-13","29","node0412","1","Generic","1U Server","node0412","","","0","0","0","","0","","","compute,cpu"
"idt4gdc_dc3","DC3-R1-13","30","node0413","1","Generic","1U Server","node0413","","","0","0","0","","0","","","compute,cpu"
"idt4gdc_dc3","DC3-R1-13","31","node0414","1","Generic","1U Server","node0414","","","0","0","0","","0","","","compute,cpu"
"idt4gdc_dc3","DC3-R1-13","32","node0415","1","Generic","1U Server","node0415","","","0","0","0","","0","","","compute,cpu"
"idt4gdc_dc3","DC3-R1-14","1","node0416","1","Generic","1U Server","node0416","","","0","0","0","","0","","","compute,cpu"
"idt4gdc_dc3","DC3-R1-14","2","node0417","1","Generic","1U Server","node0417","","","0","0","0","","0","","","compute,cpu"
"idt4gdc_dc3","DC3-R1-14","3","node0418","1","Generic","1U Server","node0418","","","0","0","0","","0","","","compute,cpu"
"idt4gdc_dc3","DC3-R1-14","4","node0419","1","Generic","1U Server","node0419","","","0","0","0","","0","","","compute,cpu"
"idt4gdc_dc3","DC3-R1-14","5","node0420","1","Generic","1U Server","node0420","","","0","0","0","","0","","","compute,cpu"
"idt4gdc_dc3","DC3-R1-14","6","node0421","1","Generic","1U Server","node0421","","","0","0","0","","0","","","compute,cpu"
"idt4gdc_dc3","DC3-R1-14","7","node0422","1","Generic","1U Server","node0422","","","0","0","0","","0","","","compute,cpu"
"idt4gdc_dc3","DC3-R1-14","8","node0423","1","Generic","1U Server","node0423","","","0","0","0","","0","","","compute,cpu"
"idt4gdc_dc3","DC3-R1-14","9","node0424","1","Generic","1U Server","node0424","","","0","0","0","","0","","","compute,cpu"
"idt4gdc_dc3","DC3-R1-14","10","node0425","1","Generic","1U Server","node0425","","","0","0","0","","0","","","compute,cpu"
"idt4gdc_dc3","DC3-R1-14","11","node0426","1","Generic","1U Server","node0426","","","0","0","0","","0","","","compute,cpu"
"idt4gdc_dc3","DC3-R1-14","12","node0427","1","Generic","1U Server","node0427","","","0","0","0","","0","","","compute,cpu"
"idt4gdc_dc3","DC3-R1-14","13","node0428","1","Generic","1U Server","node0428","","","0","0","0","","0","","","compute,cpu"
"idt4gdc_dc3","DC3-R1-14","14","node0429","1","Generic","1U Server","node0429","","","0","0","0","","0","","","compute,cpu"
"idt4gdc_dc3","DC3-R1-14","15","node0430","1","Generic","1U Server","node0430","","","0","0","0","","0","","","compute,cpu"
"idt4gdc_dc3","DC3-R1-14","16","node0431","1","Generic","1U Server","node0431","","","0","0","0","","0","","","compute,cpu"
"idt4gdc_dc3","DC3-R1-14","17","node0432","1","Generic","1U Server","node0432","","","0","0","0","","0","","","compute,cpu"
"idt4gdc_dc3","DC3-R1-14","18","node0433","1","Generic","1U Server","node0433","","","0","0","0","","0","","","compute,cpu"
"idt4gdc_dc3","DC3-R1-14","19","node0434","1","Generic","1U Server","node0434","","","0","0","0","","0","","","compute,cpu"
"idt4gdc_dc3","DC3-R1-14","20","node0435","1","Generic","1U Server","node0435","","","0","0","0","","0","","","compute,cpu"
"idt4gdc_dc3","DC3-R1-14","21","node0436","1","Generic","1U Server","node0436","","","0","0","0","","0","","","compute,cpu"
"idt4gdc_dc3","DC3-R1-14","22","node0437","1","Generic","1U Server","node0437","","","0","0","0","","0","","","compute,cpu"
"idt4gdc_dc3","DC3-R1-14","23","node0438","1","Generic","1U Server","node0438","","","0","0","0","","0","","","compute,cpu"
"idt4gdc_dc3","DC3-R1-14","24","node0439","1","Generic","1U Server","node0439","","","0","0","0","","0","","","compute,cpu"
"idt4gdc_dc3","DC3-R1-14","25","node0440","1","Generic","1U Server","node0440","","","0","0","0","","0","","","compute,cpu"
"idt4gdc_dc3","DC3-R1-14","26","node0441","1","Generic","1U Server","node0441","","","0","0","0","","0","","","compute,cpu"
"idt4gdc_dc3","DC3-R1-14","27","node0442","1","Generic","1U Server","node0442","","","0","0","0","","0","","","compute,cpu"
"idt4gdc_dc3","DC3-R1-14","28","node0443","1","Generic","1U Server","node0443","","","0","0","0","","0","","","compute,cpu"
"idt4gdc_dc3","DC3-R1-14","29","node0444","1","Generic","1U Server","node0444","","","0","0","0","","0","","","compute,cpu"
"idt4gdc_dc3","DC3-R1-14","30","node0445","1","Generic","1U Server","node0445","","","0","0","0","","0","","","compute,cpu"
"idt4gdc_dc3","DC3-R1-14","31","node0446","1","Generic","1U Server","node0446","","","0","0","0","","0","","","compute,cpu"
"idt4gdc_dc3","DC3-R1-14","32","node0447","1","Generic","1U Server","node0447","","","0","0","0","","0","","","compute,cpu"
"idt4gdc_dc3","DC3-R1-15","1","node0448","1","Generic","1U Server","node0448","","","0","0","0","","0","","","compute,cpu"
"idt4gdc_dc3","DC3-R1-15","2","node0449","1","Generic","1U Server","node0449","","","0","0","0","","0","","","compute,cpu"
"idt4gdc_dc3","DC3-R1-15","3","node0450","1","Generic","1U Server","node0450","","","0","0","0","","0","","","compute,cpu"
"idt4gdc_dc3","DC3-R1-15","4","node0451","1","Generic","1U Server","node0451","","","0","0","0","","0","","","compute,cpu"
"idt4gdc_dc3","DC3-R1-15","5","node0452","1","Generic","1U Server","node0452","","","0","0","0","","0","","","compute,cpu"
"idt4gdc_dc3","DC3-R1-15","6","node0453","1","Generic","1U Server","node0453","","","0","0","0","","0","","","compute,cpu"
"idt4gdc_dc3","DC3-R1-15","7","node0454","1","Generic","1U Server","node0454","","","0","0","0","","0","","","compute,cpu"
"idt4gdc_dc3","DC3-R1-15","8","node0455","1","Generic","1U Server","node0455","","","0","0","0","","0","","","compute,cpu"
"idt4gdc_dc3","DC3-R1-15","9","node0456","1","Generic","1U Server","node0456","","","0","0","0","","0","","","compute,cpu"
"idt4gdc_dc3","DC3-R1-15","10","node0457","1","Generic","1U Server","node0457","","","0","0","0","","0","","","compute,cpu"
"idt4gdc_dc3","DC3-R1-15","11","node0458","1","Generic","1U Server","node0458","","","0","0","0","","0","","","compute,cpu"
"idt4gdc_dc3","DC3-R1-15","12","node0459","1","Generic","1U Server","node0459","","","0","0","0","","0","","","compute,cpu"
"idt4gdc_dc3","DC3-R1-15","13","node0460","1","Generic","1U Server","node0460","","","0","0","0","","0","","","compute,cpu"
"idt4gdc_dc3","DC3-R1-15","14","node0461","1","Generic","1U Server","node0461","","","0","0","0","","0","","","compute,cpu"
"idt4gdc_dc3","DC3-R1-15","15","node0462","1","Generic","1U Server","node0462","","","0","0","0","","0","","","compute,cpu"
"idt4gdc_dc3","DC3-R1-15","16","node0463","1","Generic","1U Server","node0463","","","0","0","0","","0","","","compute,cpu"
"idt4gdc_dc3","DC3-R1-15","17","node0464","1","Generic","1U Server","node0464","","","0","0","0","","0","","","compute,cpu"
"idt4gdc_dc3","DC3-R1-15","18","node0465","1","Generic","1U Server","node0465","","","0","0","0","","0","","","compute,cpu"
"idt4gdc_dc3","DC3-R1-15","19","node0466","1","Generic","1U Server","node0466","","","0","0","0","","0","","","compute,cpu"
"idt4gdc_dc3","DC3-R1-15","20","node0467","1","Generic","1U Server","node0467","","","0","0","0","","0","","","compute,cpu"
"idt4gdc_dc3","DC3-R1-15","21","node0468","1","Generic","1U Server","node0468","","","0","0","0","","0","","","compute,cpu"
"idt4gdc_dc3","DC3-R1-15","22","node0469","1","Generic","1U Server","node0469","","","0","0","0","","0","","","compute,cpu"
"idt4gdc_dc3","DC3-R1-15","23","node0470","1","Generic","1U Server","node0470","","","0","0","0","","0","","","compute,cpu"
"idt4gdc_dc3","DC3-R1-15","24","node0471","1","Generic","1U Server","node0471","","","0","0","0","","0","","","compute,cpu"
"idt4gdc_dc3","DC3-R1-15","25","node0472","1","Generic","1U Server","node0472","","","0","0","0","","0","","","compute,cpu"
"idt4gdc_dc3","DC3-R1-15","26","node0473","1","Generic","1U Server","node0473","","","0","0","0","","0","","","compute,cpu"
"idt4gdc_dc3","DC3-R1-15","27","node0474","1","Generic","1U Server","node0474","","","0","0","0","","0","","","compute,cpu"
"idt4gdc_dc3","DC3-R1-15","28","node0475","1","Generic","1U Server","node0475","","","0","0","0","","0","","","compute,cpu"
"idt4gdc_dc3","DC3-R1-15","29","node0476","1","Generic","1U Server","node0476","","","0","0","0","","0","","","compute,cpu"
"idt4gdc_dc3","DC3-R1-15","30","node0477","1","Generic","1U Server","node0477","","","0","0","0","","0","","","compute,cpu"
"idt4gdc_dc3","DC3-R1-15","31","node0478","1","Generic","1U Server","node0478","","","0","0","0","","0","","","compute,cpu"
"idt4gdc_dc3","DC3-R1-15","32","node0479","1","Generic","1U Server","node0479","","","0","0","0","","0","","","compute,cpu"
"idt4gdc_dc3","DC3-R1-16","1","node0480","1","Generic","1U Server","node0480","","","0","0","0","","0","","","compute,cpu"
"idt4gdc_dc3","DC3-R1-16","2","node0481","1","Generic","1U Server","node0481","","","0","0","0","","0","","","compute,cpu"
"idt4gdc_dc3","DC3-R1-16","3","node0482","1","Generic","1U Server","node0482","","","0","0","0","","0","","","compute,cpu"
"idt4gdc_dc3","DC3-R1-16","4","node0483","1","Generic","1U Server","node0483","","","0","0","0","","0","","","compute,cpu"
"idt4gdc_dc3","DC3-R1-16","5","node0484","1","Generic","1U Server","node0484","","","0","0","0","","0","","","compute,cpu"
"idt4gdc_dc3","DC3-R1-16","6","node0485","1","Generic","1U Server","node0485","","","0","0","0","","0","","","compute,cpu"
"idt4gdc_dc3","DC3-R1-16","7","node0486","1","Generic","1U Server","node0486","","","0","0","0","","0","","","compute,cpu"
"idt4gdc_dc3","DC3-R1-16","8","node0487","1","Generic","1U Server","node0487","","","0","0","0","","0","","","compute,cpu"
"idt4gdc_dc3","DC3-R1-16","9","node0488","1","Generic","1U Server","node0488","","","0","0","0","","0","","","compute,cpu"
"idt4gdc_dc3","DC3-R1-16","10","node0489","1","Generic","1U Server","node0489","","","0","0","0","","0","","","compute,cpu"
"idt4gdc_dc3","DC3-R1-16","11","node0490","1","Generic","1U Server","node0490","","","0","0","0","","0","","","compute,cpu"
"idt4gdc_dc3","DC3-R1-16","12","node0491","1","Generic","1U Server","node0491","","","0","0","0","","0","","","compute,cpu"
"idt4gdc_dc3","DC3-R1-16","13","node0492","1","Generic","1U Server","node0492","","","0","0","0","","0","","","compute,cpu"
"idt4gdc_dc3","DC3-R1-16","14","node0493","1","Generic","1U Server","node0493","","","0","0","0","","0","","","compute,cpu"
"idt4gdc_dc3","DC3-R1-16","15","node0494","1","Generic","1U Server","node0494","","","0","0","0","","0","","","compute,cpu"
"idt4gdc_dc3","DC3-R1-16","16","node0495","1","Generic","1U Server","node0495","","","0","0","0","","0","","","compute,cpu"
"idt4gdc_dc3","DC3-R1-16","17","node0496","1","Generic","1U Server","node0496","","","0","0","0","","0","","","compute,cpu"
"idt4gdc_dc3","DC3-R1-16","18","node0497","1","Generic","1U Server","node0497","","","0","0","0","","0","","","compute,cpu"
"idt4gdc_dc3","DC3-R1-16","19","node0498","1","Generic","1U Server","node0498","","","0","0","0","","0","","","compute,cpu"
"idt4gdc_dc3","DC3-R1-16","20","node0499","1","Generic","1U Server","node0499","","","0","0","0","","0","","","compute,cpu"
"idt4gdc_dc3","DC3-R1-16","21","node0500","1","Generic","1U Server","node0500","","","0","0","0","","0","","","compute,cpu"
"idt4gdc_dc3","DC3-R1-16","22","node0501","1","Generic","1U Server","node0501","","","0","0","0","","0","","","compute,cpu"
"idt4gdc_dc3","DC3-R1-16","23","node0502","1","Generic","1U Server","node0502","","","0","0","0","","0","","","compute,cpu"
"idt4gdc_dc3","DC3-R1-16","24","node0503","1","Generic","1U Server","node0503","","","0","0","0","","0","","","compute,cpu"
"idt4gdc_dc3","DC3-R1-16","25","node0504","1","Generic","1U Server","node0504","","","0","0","0","","0","","","compute,cpu"
"idt4gdc_dc3","DC3-R1-16","26","node0505","1","Generic","1U Server","node0505","","","0","0","0","","0","","","compute,cpu"
"idt4gdc_dc3","DC3-R1-16","27","node0506","1","Generic","1U Server","node0506","","","0","0","0","","0","","","compute,cpu"
"idt4gdc_dc3","DC3-R1-16","28","node0507","1","Generic","1U Server","node0507","","","0","0","0","","0","","","compute,cpu"
"idt4gdc_dc3","DC3-R1-16","29","node0508","1","Generic","1U Server","node0508","","","0","0","0","","0","","","compute,cpu"
"idt4gdc_dc3","DC3-R1-16","30","node0509","1","Generic","1U Server","node0509","","","0","0","0","","0","","","compute,cpu"
"idt4gdc_dc3","DC3-R1-16","31","node0510","1","Generic","1U Server","node0510","","","0","0","0","","0","","","compute,cpu"
"idt4gdc_dc3","DC3-R1-16","32","node0511","1","Generic","1U Server","node0511","","","0","0","0","","0","","","compute,cpu"
"idt4gdc_dc3","DC3-R1-17","1","node0512","1","Generic","1U Server","node0512","","","0","0","0","","0","","","compute,cpu"
"idt4gdc_dc3","DC3-R1-17","2","node0513","1","Generic","1U Server","node0513","","","0","0","0","","0","","","compute,cpu"
"idt4gdc_dc3","DC3-R1-17","3","node0514","1","Generic","1U Server","node0514","","","0","0","0","","0","","","compute,cpu"
"idt4gdc_dc3","DC3-R1-17","4","node0515","1","Generic","1U Server","node0515","","","0","0","0","","0","","","compute,cpu"
"idt4gdc_dc3","DC3-R1-17","5","node0516","1","Generic","1U Server","node0516","","","0","0","0","","0","","","compute,cpu"
"idt4gdc_dc3","DC3-R1-17","6","node0517","1","Generic","1U Server","node0517","","","0","0","0","","0","","","compute,cpu"
"idt4gdc_dc3","DC3-R1-17","7","node0518","1","Generic","1U Server","node0518","","","0","0","0","","0","","","compute,cpu"
"idt4gdc_dc3","DC3-R1-17","8","node0519","1","Generic","1U Server","node0519","","","0","0","0","","0","","","compute,cpu"
"idt4gdc_dc3","DC3-R1-17","9","node0520","1","Generic","1U Server","node0520","","","0","0","0","","0","","","compute,cpu"
"idt4gdc_dc3","DC3-R1-17","10","node0521","1","Generic","1U Server","node0521","","","0","0","0","","0","","","compute,cpu"
"idt4gdc_dc3","DC3-R1-17","11","node0522","1","Generic","1U Server","node0522","","","0","0","0","","0","","","compute,cpu"
"idt4gdc_dc3","DC3-R1-17","12","node0523","1","Generic","1U Server","node0523","","","0","0","0","","0","","","compute,cpu"
"idt4gdc_dc3","DC3-R1-17","13","node0524","1","Generic","1U Server","node0524","","","0","0","0","","0","","","compute,cpu"
"idt4gdc_dc3","DC3-R1-17","14","node0525","1","Generic","1U Server","node0525","","","0","0","0","","0","","","compute,cpu"
"idt4gdc_dc3","DC3-R1-17","15","node0526","1","Generic","1U Server","node0526","","","0","0","0","","0","","","compute,cpu"
"idt4gdc_dc3","DC3-R1-17","16","node0527","1","Generic","1U Server","node0527","","","0","0","0","","0","","","compute,cpu"
"idt4gdc_dc3","DC3-R1-17","17","node0528","1","Generic","1U Server","node0528","","","0","0","0","","0","","","compute,cpu"
"idt4gdc_dc3","DC3-R1-17","18","node0529","1","Generic","1U Server","node0529","","","0","0","0","","0","","","compute,cpu"
"idt4gdc_dc3","DC3-R1-17","19","node0530","1","Generic","1U Server","node0530","","","0","0","0","","0","","","compute,cpu"
"idt4gdc_dc3","DC3-R1-17","20","node0531","1","Generic","1U Server","node0531","","","0","0","0","","0","","","compute,cpu"
"idt4gdc_dc3","DC3-R1-17","21","node0532","1","Generic","1U Server","node0532","","","0","0","0","","0","","","compute,cpu"
"idt4gdc_dc3","DC3-R1-17","22","node0533","1","Generic","1U Server","node0533","","","0","0","0","","0","","","compute,cpu"
"idt4gdc_dc3","DC3-R1-17","23","node0534","1","Generic","1U Server","node0534","","","0","0","0","","0","","","compute,cpu"
"idt4gdc_dc3","DC3-R1-17","24","node0535","1","Generic","1U Server","node0535","","","0","0","0","","0","","","compute,cpu"
"idt4gdc_dc3","DC3-R1-17","25","node0536","1","Generic","1U Server","node0536","","","0","0","0","","0","","","compute,cpu"
"idt4gdc_dc3","DC3-R1-17","26","node0537","1","Generic","1U Server","node0537","","","0","0","0","","0","","","compute,cpu"
"idt4gdc_dc3","DC3-R1-17","27","node0538","1","Generic","1U Server","node0538","","","0","0","0","","0","","","compute,cpu"
"idt4gdc_dc3","DC3-R1-17","28","node0539","1","Generic","1U Server","node0539","","","0","0","0","","0","","","compute,cpu"
"idt4gdc_dc3","DC3-R1-17","29","node0540","1","Generic","1U Server","node0540","","","0","0","0","","0","","","compute,cpu"
"idt4gdc_dc3","DC3-R1-17","30","node0541","1","Generic","1U Server","node0541","","","0","0","0","","0","","","compute,cpu"
"idt4gdc_dc3","DC3-R1-17","31","node0542","1","Generic","1U Server","node0542","","","0","0","0","","0","","","compute,cpu"
"idt4gdc_dc3","DC3-R1-17","32","node0543","1","Generic","1U Server","node0543","","","0","0","0","","0","","","compute,cpu"
"idt4gdc_dc3","DC3-R1-18","1","node0544","1","Generic","1U Server","node0544","","","0","0","0","","0","","","compute,cpu"
"idt4gdc_dc3","DC3-R1-18","2","node0545","1","Generic","1U Server","node0545","","","0","0","0","","0","","","compute,cpu"
"idt4gdc_dc3","DC3-R1-18","3","node0546","1","Generic","1U Server","node0546","","","0","0","0","","0","","","compute,cpu"
"idt4gdc_dc3","DC3-R1-18","4","node0547","1","Generic","1U Server","node0547","","","0","0","0","","0","","","compute,cpu"
"idt4gdc_dc3","DC3-R1-18","5","node0548","1","Generic","1U Server","node0548","","","0","0","0","","0","","","compute,cpu"
"idt4gdc_dc3","DC3-R1-18","6","node0549","1","Generic","1U Server","node0549","","","0","0","0","","0","","","compute,cpu"
"idt4gdc_dc3","DC3-R1-18","7","node0550","1","Generic","1U Server","node0550","","","0","0","0","","0","","","compute,cpu"
"idt4gdc_dc3","DC3-R1-18","8","node0551","1","Generic","1U Server","node0551","","","0","0","0","","0","","","compute,cpu"
"idt4gdc_dc3","DC3-R1-18","9","node0552","1","Generic","1U Server","node0552","","","0","0","0","","0","","","compute,cpu"
"idt4gdc_dc3","DC3-R1-18","10","node0553","1","Generic","1U Server","node0553","","","0","0","0","","0","","","compute,cpu"
"idt4gdc_dc3","DC3-R1-18","11","node0554","1","Generic","1U Server","node0554","","","0","0","0","","0","","","compute,cpu"
"idt4gdc_dc3","DC3-R1-18","12","node0555","1","Generic","1U Server","node0555","","","0","0","0","","0","","","compute,cpu"
"idt4gdc_dc3","DC3-R1-18","13","node0556","1","Generic","1U Server","node0556","","","0","0","0","","0","","","compute,cpu"
"idt4gdc_dc3","DC3-R1-18","14","node0557","1","Generic","1U Server","node0557","","","0","0","0","","0","","","compute,cpu"
"idt4gdc_dc3","DC3-R1-18","15","node0558","1","Generic","1U Server","node0558","","","0","0","0","","0","","","compute,cpu"
"idt4gdc_dc3","DC3-R1-18","16","node0559","1","Generic","1U Server","node0559","","","0","0","0","","0","","","compute,cpu"
"idt4gdc_dc3","DC3-R1-18","17","node0560","1","Generic","1U Server","node0560","","","0","0","0","","0","","","compute,cpu"
"idt4gdc_dc3","DC3-R1-18","18","node0561","1","Generic","1U Server","node0561","","","0","0","0","","0","","","compute,cpu"
"idt4gdc_dc3","DC3-R1-18","19","node0562","1","Generic","1U Server","node0562","","","0","0","0","","0","","","compute,cpu"
"idt4gdc_dc3","DC3-R1-18","20","node0563","1","Generic","1U Server","node0563","","","0","0","0","","0","","","compute,cpu"
"idt4gdc_dc3","DC3-R1-18","21","node0564","1","Generic","1U Server","node0564","","","0","0","0","","0","","","compute,cpu"
"idt4gdc_dc3","DC3-R1-18","22","node0565","1","Generic","1U Server","node0565","","","0","0","0","","0","","","compute,cpu"
"idt4gdc_dc3","DC3-R1-18","23","node0566","1","Generic","1U Server","node0566","","","0","0","0","","0","","","compute,cpu"
"idt4gdc_dc3","DC3-R1-18","24","node0567","1","Generic","1U Server","node0567","","","0","0","0","","0","","","compute,cpu"
"idt4gdc_dc3","DC3-R1-18","25","node0568","1","Generic","1U Server","node0568","","","0","0","0","","0","","","compute,cpu"
"idt4gdc_dc3","DC3-R1-18","26","node0569","1","Generic","1U Server","node0569","","","0","0","0","","0","","","compute,cpu"
"idt4gdc_dc3","DC3-R1-18","27","node0570","1","Generic","1U Server","node0570","","","0","0","0","","0","","","compute,cpu"
"idt4gdc_dc3","DC3-R1-18","28","node0571","1","Generic","1U Server","node0571","","","0","0","0","","0","","","compute,cpu"
"idt4gdc_dc3","DC3-R1-18","29","node0572","1","Generic","1U Server","node0572","","","0","0","0","","0","","","compute,cpu"
"idt4gdc_dc3","DC3-R1-18","30","node0573","1","Generic","1U Server","node0573","","","0","0","0","","0","","","compute,cpu"
"idt4gdc_dc3","DC3-R1-18","31","node0574","1","Generic","1U Server","node0574","","","0","0","0","","0","","","compute,cpu"
"idt4gdc_dc3","DC3-R1-18","32","node0575","1","Generic","1U Server","node0575","","","0","0","0","","0","","","compute,cpu"
"idt4gdc_dc3","DC3-R1-19","1","node0576","1","Generic","1U Server","node0576","","","0","0","0","","0","","","compute,cpu"
"idt4gdc_dc3","DC3-R1-19","2","node0577","1","Generic","1U Server","node0577","","","0","0","0","","0","","","compute,cpu"
"idt4gdc_dc3","DC3-R1-19","3","node0578","1","Generic","1U Server","node0578","","","0","0","0","","0","","","compute,cpu"
"idt4gdc_dc3","DC3-R1-19","4","node0579","1","Generic","1U Server","node0579","","","0","0","0","","0","","","compute,cpu"
"idt4gdc_dc3","DC3-R1-19","5","node0580","1","Generic","1U Server","node0580","","","0","0","0","","0","","","compute,cpu"
"idt4gdc_dc3","DC3-R1-19","6","node0581","1","Generic","1U Server","node0581","","","0","0","0","","0","","","compute,cpu"
"idt4gdc_dc3","DC3-R1-19","7","node0582","1","Generic","1U Server","node0582","","","0","0","0","","0","","","compute,cpu"
"idt4gdc_dc3","DC3-R1-19","8","node0583","1","Generic","1U Server","node0583","","","0","0","0","","0","","","compute,cpu"
"idt4gdc_dc3","DC3-R1-19","9","node0584","1","Generic","1U Server","node0584","","","0","0","0","","0","","","compute,cpu"
"idt4gdc_dc3","DC3-R1-19","10","node0585","1","Generic","1U Server","node0585","","","0","0","0","","0","","","compute,cpu"
"idt4gdc_dc3","DC3-R1-19","11","node0586","1","Generic","1U Server","node0586","","","0","0","0","","0","","","compute,cpu"
"idt4gdc_dc3","DC3-R1-19","12","node0587","1","Generic","1U Server","node0587","","","0","0","0","","0","","","compute,cpu"
"idt4gdc_dc3","DC3-R1-19","13","node0588","1","Generic","1U Server","node0588","","","0","0","0","","0","","","compute,cpu"
"idt4gdc_dc3","DC3-R1-19","14","node0589","1","Generic","1U Server","node0589","","","0","0","0","","0","","","compute,cpu"
"idt4gdc_dc3","DC3-R1-19","15","node0590","1","Generic","1U Server","node0590","","","0","0","0","","0","","","compute,cpu"
"idt4gdc_dc3","DC3-R1-19","16","node0591","1","Generic","1U Server","node0591","","","0","0","0","","0","","","compute,cpu"
"idt4gdc_dc3","DC3-R1-19","17","node0592","1","Generic","1U Server","node0592","","","0","0","0","","0","","","compute,cpu"
"idt4gdc_dc3","DC3-R1-19","18","node0593","1","Generic","1U Server","node0593","","","0","0","0","","0","","","compute,cpu"
"idt4gdc_dc3","DC3-R1-19","19","node0594","1","Generic","1U Server","node0594","","","0","0","0","","0","","","compute,cpu"
"idt4gdc_dc3","DC3-R1-19","20","node0595","1","Generic","1U Server","node0595","","","0","0","0","","0","","","compute,cpu"
"idt4gdc_dc3","DC3-R1-19","21","node0596","1","Generic","1U Server","node0596","","","0","0","0","","0","","","compute,cpu"
"idt4gdc_dc3","DC3-R1-19","22","node0597","1","Generic","1U Server","node0597","","","0","0","0","","0","","","compute,cpu"
"idt4gdc_dc3","DC3-R1-19","23","node0598","1","Generic","1U Server","node0598","","","0","0","0","","0","","","compute,cpu"
"idt4gdc_dc3","DC3-R1-19","24","node0599","1","Generic","1U Server","node0599","","","0","0","0","","0","","","compute,cpu"
"idt4gdc_dc3","DC3-R1-19","25","node0600","1","Generic","1U Server","node0600","","","0","0","0","","0","","","compute,cpu"
"idt4gdc_dc3","DC3-R1-19","26","node0601","1","Generic","1U Server","node0601","","","0","0","0","","0","","","compute,cpu"
"idt4gdc_dc3","DC3-R1-19","27","node0602","1","Generic","1U Server","node0602","","","0","0","0","","0","","","compute,cpu"
"idt4gdc_dc3","DC3-R1-19","28","node0603","1","Generic","1U Server","node0603","","","0","0","0","","0","","","compute,cpu"
"idt4gdc_dc3","DC3-R1-19","29","node0604","1","Generic","1U Server","node0604","","","0","0","0","","0","","","compute,cpu"
"idt4gdc_dc3","DC3-R1-19","30","node0605","1","Generic","1U Server","node0605","","","0","0","0","","0","","","compute,cpu"
"idt4gdc_dc3","DC3-R1-19","31","node0606","1","Generic","1U Server","node0606","","","0","0","0","","0","","","compute,cpu"
"idt4gdc_dc3","DC3-R1-19","32","node0607","1","Generic","1U Server","node0607","","","0","0","0","","0","","","compute,cpu"
"idt4gdc_dc3","DC3-R1-20","1","node0608","1","Generic","1U Server","node0608","","","0","0","0","","0","","","compute,cpu"
"idt4gdc_dc3","DC3-R1-20","2","node0609","1","Generic","1U Server","node0609","","","0","0","0","","0","","","compute,cpu"
"idt4gdc_dc3","DC3-R1-20","3","node0610","1","Generic","1U Server","node0610","","","0","0","0","","0","","","compute,cpu"
"idt4gdc_dc3","DC3-R1-20","4","node0611","1","Generic","1U Server","node0611","","","0","0","0","","0","","","compute,cpu"
"idt4gdc_dc3","DC3-R1-20","5","node0612","1","Generic","1U Server","node0612","","","0","0","0","","0","","","compute,cpu"
"idt4gdc_dc3","DC3-R1-20","6","node0613","1","Generic","1U Server","node0613","","","0","0","0","","0","","","compute,cpu"
"idt4gdc_dc3","DC3-R1-20","7","node0614","1","Generic","1U Server","node0614","","","0","0","0","","0","","","compute,cpu"
"idt4gdc_dc3","DC3-R1-20","8","node0615","1","Generic","1U Server","node0615","","","0","0","0","","0","","","compute,cpu"
"idt4gdc_dc3","DC3-R1-20","9","node0616","1","Generic","1U Server","node0616","","","0","0","0","","0","","","compute,cpu"
"idt4gdc_dc3","DC3-R1-20","10","node0617","1","Generic","1U Server","node0617","","","0","0","0","","0","","","compute,cpu"
"idt4gdc_dc3","DC3-R1-20","11","node0618","1","Generic","1U Server","node0618","","","0","0","0","","0","","","compute,cpu"
"idt4gdc_dc3","DC3-R1-20","12","node0619","1","Generic","1U Server","node0619","","","0","0","0","","0","","","compute,cpu"
"idt4gdc_dc3","DC3-R1-20","13","node0620","1","Generic","1U Server","node0620","","","0","0","0","","0","","","compute,cpu"
"idt4gdc_dc3","DC3-R1-20","14","node0621","1","Generic","1U Server","node0621","","","0","0","0","","0","","","compute,cpu"
"idt4gdc_dc3","DC3-R1-20","15","node0622","1","Generic","1U Server","node0622","","","0","0","0","","0","","","compute,cpu"
"idt4gdc_dc3","DC3-R1-20","16","node0623","1","Generic","1U Server","node0623","","","0","0","0","","0","","","compute,cpu"
"idt4gdc_dc3","DC3-R1-20","17","node0624","1","Generic","1U Server","node0624","","","0","0","0","","0","","","compute,cpu"
"idt4gdc_dc3","DC3-R1-20","18","node0625","1","Generic","1U Server","node0625","","","0","0","0","","0","","","compute,cpu"
"idt4gdc_dc3","DC3-R1-20","19","node0626","1","Generic","1U Server","node0626","","","0","0","0","","0","","","compute,cpu"
"idt4gdc_dc3","DC3-R1-20","20","node0627","1","Generic","1U Server","node0627","","","0","0","0","","0","","","compute,cpu"
"idt4gdc_dc3","DC3-R1-20","21","node0628","1","Generic","1U Server","node0628","","","0","0","0","","0","","","compute,cpu"
"idt4gdc_dc3","DC3-R1-20","22","node0629","1","Generic","1U Server","node0629","","","0","0","0","","0","","","compute,cpu"
"idt4gdc_dc3","DC3-R1-20","23","node0630","1","Generic","1U Server","node0630","","","0","0","0","","0","","","compute,cpu"
"idt4gdc_dc3","DC3-R1-20","24","node0631","1","Generic","1U Server","node0631","","","0","0","0","","0","","","compute,cpu"
"idt4gdc_dc3","DC3-R1-20","25","node0632","1","Generic","1U Server","node0632","","","0","0","0","","0","","","compute,cpu"
"idt4gdc_dc3","DC3-R1-20","26","node0633","1","Generic","1U Server","node0633","","","0","0","0","","0","","","compute,cpu"
"idt4gdc_dc3","DC3-R1-20","27","node0634","1","Generic","1U Server","node0634","","","0","0","0","","0","","","compute,cpu"
"idt4gdc_dc3","DC3-R1-20","28","node0635","1","Generic","1U Server","node0635","","","0","0","0","","0","","","compute,cpu"
"idt4gdc_dc3","DC3-R1-20","29","node0636","1","Generic","1U Server","node0636","","","0","0","0","","0","","","compute,cpu"
"idt4gdc_dc3","DC3-R1-20","30","node0637","1","Generic","1U Server","node0637","","","0","0","0","","0","","","compute,cpu"
"idt4gdc_dc3","DC3-R1-20","31","node0638","1","Generic","1U Server","node0638","","","0","0","0","","0","","","compute,cpu"
"idt4gdc_dc3","DC3-R1-20","32","node0639","1","Generic","1U Server","node0639","","","0","0","0","","0","","","compute,cpu"
"idt4gdc_dc3","DC3-R1-21","1","node0640","1","Generic","1U Server","node0640","","","0","0","0","","0","","","compute,cpu"
"idt4gdc_dc3","DC3-R1-21","2","node0641","1","Generic","1U Server","node0641","","","0","0","0","","0","","","compute,cpu"
"idt4gdc_dc3","DC3-R1-21","3","node0642","1","Generic","1U Server","node0642","","","0","0","0","","0","","","compute,cpu"
"idt4gdc_dc3","DC3-R1-21","4","node0643","1","Generic","1U Server","node0643","","","0","0","0","","0","","","compute,cpu"
"idt4gdc_dc3","DC3-R1-21","5","node0644","1","Generic","1U Server","node0644","","","0","0","0","","0","","","compute,cpu"
"idt4gdc_dc3","DC3-R1-21","6","node0645","1","Generic","1U Server","node0645","","","0","0","0","","0","","","compute,cpu"
"idt4gdc_dc3","DC3-R1-21","7","node0646","1","Generic","1U Server","node0646","","","0","0","0","","0","","","compute,cpu"
"idt4gdc_dc3","DC3-R1-21","8","node0647","1","Generic","1U Server","node0647","","","0","0","0","","0","","","compute,cpu"
"idt4gdc_dc3","DC3-R1-21","9","node0648","1","Generic","1U Server","node0648","","","0","0","0","","0","","","compute,cpu"
"idt4gdc_dc3","DC3-R1-21","10","node0649","1","Generic","1U Server","node0649","","","0","0","0","","0","","","compute,cpu"
"idt4gdc_dc3","DC3-R1-21","11","node0650","1","Generic","1U Server","node0650","","","0","0","0","","0","","","compute,cpu"
"idt4gdc_dc3","DC3-R1-21","12","node0651","1","Generic","1U Server","node0651","","","0","0","0","","0","","","compute,cpu"
"idt4gdc_dc3","DC3-R1-21","13","node0652","1","Generic","1U Server","node0652","","","0","0","0","","0","","","compute,cpu"
"idt4gdc_dc3","DC3-R1-21","14","node0653","1","Generic","1U Server","node0653","","","0","0","0","","0","","","compute,cpu"
"idt4gdc_dc3","DC3-R1-21","15","node0654","1","Generic","1U Server","node0654","","","0","0","0","","0","","","compute,cpu"
"idt4gdc_dc3","DC3-R1-21","16","node0655","1","Generic","1U Server","node0655","","","0","0","0","","0","","","compute,cpu"
"idt4gdc_dc3","DC3-R1-21","17","node0656","1","Generic","1U Server","node0656","","","0","0","0","","0","","","compute,cpu"
"idt4gdc_dc3","DC3-R1-21","18","node0657","1","Generic","1U Server","node0657","","","0","0","0","","0","","","compute,cpu"
"idt4gdc_dc3","DC3-R1-21","19","node0658","1","Generic","1U Server","node0658","","","0","0","0","","0","","","compute,cpu"
"idt4gdc_dc3","DC3-R1-21","20","node0659","1","Generic","1U Server","node0659","","","0","0","0","","0","","","compute,cpu"
"idt4gdc_dc3","DC3-R1-21","21","node0660","1","Generic","1U Server","node0660","","","0","0","0","","0","","","compute,cpu"
"idt4gdc_dc3","DC3-R1-21","22","node0661","1","Generic","1U Server","node0661","","","0","0","0","","0","","","compute,cpu"
"idt4gdc_dc3","DC3-R1-21","23","node0662","1","Generic","1U Server","node0662","","","0","0","0","","0","","","compute,cpu"
"idt4gdc_dc3","DC3-R1-21","24","node0663","1","Generic","1U Server","node0663","","","0","0","0","","0","","","compute,cpu"
"idt4gdc_dc3","DC3-R1-21","25","node0664","1","Generic","1U Server","node0664","","","0","0","0","","0","","","compute,cpu"
"idt4gdc_dc3","DC3-R1-21","26","node0665","1","Generic","1U Server","node0665","","","0","0","0","","0","","","compute,cpu"
"idt4gdc_dc3","DC3-R1-21","27","node0666","1","Generic","1U Server","node0666","","","0","0","0","","0","","","compute,cpu"
"idt4gdc_dc3","DC3-R1-21","28","node0667","1","Generic","1U Server","node0667","","","0","0","0","","0","","","compute,cpu"
"idt4gdc_dc3","DC3-R1-21","29","node0668","1","Generic","1U Server","node0668","","","0","0","0","","0","","","compute,cpu"
"idt4gdc_dc3","DC3-R1-21","30","node0669","1","Generic","1U Server","node0669","","","0","0","0","","0","","","compute,cpu"
"idt4gdc_dc3","DC3-R1-21","31","node0670","1","Generic","1U Server","node0670","","","0","0","0","","0","","","compute,cpu"
"idt4gdc_dc3","DC3-R1-21","32","node0671","1","Generic","1U Server","node0671","","","0","0","0","","0","","","compute,cpu"
"idt4gdc_dc3","DC3-R1-22","1","node0672","1","Generic","1U Server","node0672","","","0","0","0","","0","","","compute,cpu"
"idt4gdc_dc3","DC3-R1-22","2","node0673","1","Generic","1U Server","node0673","","","0","0","0","","0","","","compute,cpu"
"idt4gdc_dc3","DC3-R1-22","3","node0674","1","Generic","1U Server","node0674","","","0","0","0","","0","","","compute,cpu"
"idt4gdc_dc3","DC3-R1-22","4","node0675","1","Generic","1U Server","node0675","","","0","0","0","","0","","","compute,cpu"
"idt4gdc_dc3","DC3-R1-22","5","node0676","1","Generic","1U Server","node0676","","","0","0","0","","0","","","compute,cpu"
"idt4gdc_dc3","DC3-R1-22","6","node0677","1","Generic","1U Server","node0677","","","0","0","0","","0","","","compute,cpu"
"idt4gdc_dc3","DC3-R1-22","7","node0678","1","Generic","1U Server","node0678","","","0","0","0","","0","","","compute,cpu"
"idt4gdc_dc3","DC3-R1-22","8","node0679","1","Generic","1U Server","node0679","","","0","0","0","","0","","","compute,cpu"
"idt4gdc_dc3","DC3-R1-22","9","node0680","1","Generic","1U Server","node0680","","","0","0","0","","0","","","compute,cpu"
"idt4gdc_dc3","DC3-R1-22","10","node0681","1","Generic","1U Server","node0681","","","0","0","0","","0","","","compute,cpu"
"idt4gdc_dc3","DC3-R1-22","11","node0682","1","Generic","1U Server","node0682","","","0","0","0","","0","","","compute,cpu"
"idt4gdc_dc3","DC3-R1-22","12","node0683","1","Generic","1U Server","node0683","","","0","0","0","","0","","","compute,cpu"
"idt4gdc_dc3","DC3-R1-22","13","node0684","1","Generic","1U Server","node0684","","","0","0","0","","0","","","compute,cpu"
"idt4gdc_dc3","DC3-R1-22","14","node0685","1","Generic","1U Server","node0685","","","0","0","0","","0","","","compute,cpu"
"idt4gdc_dc3","DC3-R1-22","15","node0686","1","Generic","1U Server","node0686","","","0","0","0","","0","","","compute,cpu"
"idt4gdc_dc3","DC3-R1-22","16","node0687","1","Generic","1U Server","node0687","","","0","0","0","","0","","","compute,cpu"
"idt4gdc_dc3","DC3-R1-22","17","node0688","1","Generic","1U Server","node0688","","","0","0","0","","0","","","compute,cpu"
"idt4gdc_dc3","DC3-R1-22","18","node0689","1","Generic","1U Server","node0689","","","0","0","0","","0","","","compute,cpu"
"idt4gdc_dc3","DC3-R1-22","19","node0690","1","Generic","1U Server","node0690","","","0","0","0","","0","","","compute,cpu"
"idt4gdc_dc3","DC3-R1-22","20","node0691","1","Generic","1U Server","node0691","","","0","0","0","","0","","","compute,cpu"
"idt4gdc_dc3","DC3-R1-22","21","node0692","1","Generic","1U Server","node0692","","","0","0","0","","0","","","compute,cpu"
"idt4gdc_dc3","DC3-R1-22","22","node0693","1","Generic","1U Server","node0693","","","0","0","0","","0","","","compute,cpu"
"idt4gdc_dc3","DC3-R1-22","23","node0694","1","Generic","1U Server","node0694","","","0","0","0","","0","","","compute,cpu"
"idt4gdc_dc3","DC3-R1-22","24","node0695","1","Generic","1U Server","node0695","","","0","0","0","","0","","","compute,cpu"
"idt4gdc_dc3","DC3-R1-22","25","node0696","1","Generic","1U Server","node0696","","","0","0","0","","0","","","compute,cpu"
"idt4gdc_dc3","DC3-R1-22","26","node0697","1","Generic","1U Server","node0697","","","0","0","0","","0","","","compute,cpu"
"idt4gdc_dc3","DC3-R1-22","27","node0698","1","Generic","1U Server","node0698","","","0","0","0","","0","","","compute,cpu"
"idt4gdc_dc3","DC3-R1-22","28","node0699","1","Generic","1U Server","node0699","","","0","0","0","","0","","","compute,cpu"
"idt4gdc_dc3","DC3-R1-22","29","node0700","1","Generic","1U Server","node0700","","","0","0","0","","0","","","compute,cpu"
"idt4gdc_dc3","DC3-R1-22","30","node0701","1","Generic","1U Server","node0701","","","0","0","0","","0","","","compute,cpu"
"idt4gdc_dc3","DC3-R1-22","31","node0702","1","Generic","1U Server","node0702","","","0","0","0","","0","","","compute,cpu"
"idt4gdc_dc3","DC3-R1-22","32","node0703","1","Generic","1U Server","node0703","","","0","0","0","","0","","","compute,cpu"
"idt4gdc_dc3","DC3-R1-23","1","node0704","1","Generic","1U Server","node0704","","","0","0","0","","0","","","compute,cpu"
"idt4gdc_dc3","DC3-R1-23","2","node0705","1","Generic","1U Server","node0705","","","0","0","0","","0","","","compute,cpu"
"idt4gdc_dc3","DC3-R1-23","3","node0706","1","Generic","1U Server","node0706","","","0","0","0","","0","","","compute,cpu"
"idt4gdc_dc3","DC3-R1-23","4","node0707","1","Generic","1U Server","node0707","","","0","0","0","","0","","","compute,cpu"
"idt4gdc_dc3","DC3-R1-23","5","node0708","1","Generic","1U Server","node0708","","","0","0","0","","0","","","compute,cpu"
"idt4gdc_dc3","DC3-R1-23","6","node0709","1","Generic","1U Server","node0709","","","0","0","0","","0","","","compute,cpu"
"idt4gdc_dc3","DC3-R1-23","7","node0710","1","Generic","1U Server","node0710","","","0","0","0","","0","","","compute,cpu"
"idt4gdc_dc3","DC3-R1-23","8","node0711","1","Generic","1U Server","node0711","","","0","0","0","","0","","","compute,cpu"
"idt4gdc_dc3","DC3-R1-23","9","node0712","1","Generic","1U Server","node0712","","","0","0","0","","0","","","compute,cpu"
"idt4gdc_dc3","DC3-R1-23","10","node0713","1","Generic","1U Server","node0713","","","0","0","0","","0","","","compute,cpu"
"idt4gdc_dc3","DC3-R1-23","11","node0714","1","Generic","1U Server","node0714","","","0","0","0","","0","","","compute,cpu"
"idt4gdc_dc3","DC3-R1-23","12","node0715","1","Generic","1U Server","node0715","","","0","0","0","","0","","","compute,cpu"
"idt4gdc_dc3","DC3-R1-23","13","node0716","1","Generic","1U Server","node0716","","","0","0","0","","0","","","compute,cpu"
"idt4gdc_dc3","DC3-R1-23","14","node0717","1","Generic","1U Server","node0717","","","0","0","0","","0","","","compute,cpu"
"idt4gdc_dc3","DC3-R1-23","15","node0718","1","Generic","1U Server","node0718","","","0","0","0","","0","","","compute,cpu"
"idt4gdc_dc3","DC3-R1-23","16","node0719","1","Generic","1U Server","node0719","","","0","0","0","","0","","","compute,cpu"
"idt4gdc_dc3","DC3-R1-23","17","node0720","1","Generic","1U Server","node0720","","","0","0","0","","0","","","compute,cpu"
"idt4gdc_dc3","DC3-R1-23","18","node0721","1","Generic","1U Server","node0721","","","0","0","0","","0","","","compute,cpu"
"idt4gdc_dc3","DC3-R1-23","19","node0722","1","Generic","1U Server","node0722","","","0","0","0","","0","","","compute,cpu"
"idt4gdc_dc3","DC3-R1-23","20","node0723","1","Generic","1U Server","node0723","","","0","0","0","","0","","","compute,cpu"
"idt4gdc_dc3","DC3-R1-23","21","node0724","1","Generic","1U Server","node0724","","","0","0","0","","0","","","compute,cpu"
"idt4gdc_dc3","DC3-R1-23","22","node0725","1","Generic","1U Server","node0725","","","0","0","0","","0","","","compute,cpu"
"idt4gdc_dc3","DC3-R1-23","23","node0726","1","Generic","1U Server","node0726","","","0","0","0","","0","","","compute,cpu"
"idt4gdc_dc3","DC3-R1-23","24","node0727","1","Generic","1U Server","node0727","","","0","0","0","","0","","","compute,cpu"
"idt4gdc_dc3","DC3-R1-23","25","node0728","1","Generic","1U Server","node0728","","","0","0","0","","0","","","compute,cpu"
"idt4gdc_dc3","DC3-R1-23","26","node0729","1","Generic","1U Server","node0729","","","0","0","0","","0","","","compute,cpu"
"idt4gdc_dc3","DC3-R1-23","27","node0730","1","Generic","1U Server","node0730","","","0","0","0","","0","","","compute,cpu"
"idt4gdc_dc3","DC3-R1-23","28","node0731","1","Generic","1U Server","node0731","","","0","0","0","","0","","","compute,cpu"
"idt4gdc_dc3","DC3-R1-23","29","node0732","1","Generic","1U Server","node0732","","","0","0","0","","0","","","compute,cpu"
"idt4gdc_dc3","DC3-R1-23","30","node0733","1","Generic","1U Server","node0733","","","0","0","0","","0","","","compute,cpu"
"idt4gdc_dc3","DC3-R1-23","31","node0734","1","Generic","1U Server","node0734","","","0","0","0","","0","","","compute,cpu"
"idt4gdc_dc3","DC3-R1-23","32","node0735","1","Generic","1U Server","node0735","","","0","0","0","","0","","","compute,cpu"
"idt4gdc_dc3","DC3-R1-24","1","node0736","1","Generic","1U Server","node0736","","","0","0","0","","0","","","compute,cpu"
"idt4gdc_dc3","DC3-R1-24","2","node0737","1","Generic","1U Server","node0737","","","0","0","0","","0","","","compute,cpu"
"idt4gdc_dc3","DC3-R1-24","3","node0738","1","Generic","1U Server","node0738","","","0","0","0","","0","","","compute,cpu"
"idt4gdc_dc3","DC3-R1-24","4","node0739","1","Generic","1U Server","node0739","","","0","0","0","","0","","","compute,cpu"
"idt4gdc_dc3","DC3-R1-24","5","node0740","1","Generic","1U Server","node0740","","","0","0","0","","0","","","compute,cpu"
"idt4gdc_dc3","DC3-R1-24","6","node0741","1","Generic","1U Server","node0741","","","0","0","0","","0","","","compute,cpu"
"idt4gdc_dc3","DC3-R1-24","7","node0742","1","Generic","1U Server","node0742","","","0","0","0","","0","","","compute,cpu"
"idt4gdc_dc3","DC3-R1-24","8","node0743","1","Generic","1U Server","node0743","","","0","0","0","","0","","","compute,cpu"
"idt4gdc_dc3","DC3-R1-24","9","node0744","1","Generic","1U Server","node0744","","","0","0","0","","0","","","compute,cpu"
"idt4gdc_dc3","DC3-R1-24","10","node0745","1","Generic","1U Server","node0745","","","0","0","0","","0","","","compute,cpu"
"idt4gdc_dc3","DC3-R1-24","11","node0746","1","Generic","1U Server","node0746","","","0","0","0","","0","","","compute,cpu"
"idt4gdc_dc3","DC3-R1-24","12","node0747","1","Generic","1U Server","node0747","","","0","0","0","","0","","","compute,cpu"
"idt4gdc_dc3","DC3-R1-24","13","node0748","1","Generic","1U Server","node0748","","","0","0","0","","0","","","compute,cpu"
"idt4gdc_dc3","DC3-R1-24","14","node0749","1","Generic","1U Server","node0749","","","0","0","0","","0","","","compute,cpu"
"idt4gdc_dc3","DC3-R1-24","15","node0750","1","Generic","1U Server","node0750","","","0","0","0","","0","","","compute,cpu"
"idt4gdc_dc3","DC3-R1-24","16","node0751","1","Generic","1U Server","node0751","","","0","0","0","","0","","","compute,cpu"
"idt4gdc_dc3","DC3-R1-24","17","node0752","1","Generic","1U Server","node0752","","","0","0","0","","0","","","compute,cpu"
"idt4gdc_dc3","DC3-R1-24","18","node0753","1","Generic","1U Server","node0753","","","0","0","0","","0","","","compute,cpu"
"idt4gdc_dc3","DC3-R1-24","19","node0754","1","Generic","1U Server","node0754","","","0","0","0","","0","","","compute,cpu"
"idt4gdc_dc3","DC3-R1-24","20","node0755","1","Generic","1U Server","node0755","","","0","0","0","","0","","","compute,cpu"
"idt4gdc_dc3","DC3-R1-24","21","node0756","1","Generic","1U Server","node0756","","","0","0","0","","0","","","compute,cpu"
"idt4gdc_dc3","DC3-R1-24","22","node0757","1","Generic","1U Server","node0757","","","0","0","0","","0","","","compute,cpu"
"idt4gdc_dc3","DC3-R1-24","23","node0758","1","Generic","1U Server","node0758","","","0","0","0","","0","","","compute,cpu"
"idt4gdc_dc3","DC3-R1-24","24","node0759","1","Generic","1U Server","node0759","","","0","0","0","","0","","","compute,cpu"
"idt4gdc_dc3","DC3-R1-24","25","node0760","1","Generic","1U Server","node0760","","","0","0","0","","0","","","compute,cpu"
"idt4gdc_dc3","DC3-R1-24","26","node0761","1","Generic","1U Server","node0761","","","0","0","0","","0","","","compute,cpu"
"idt4gdc_dc3","DC3-R1-24","27","node0762","1","Generic","1U Server","node0762","","","0","0","0","","0","","","compute,cpu"
"idt4gdc_dc3","DC3-R1-24","28","node0763","1","Generic","1U Server","node0763","","","0","0","0","","0","","","compute,cpu"
"idt4gdc_dc3","DC3-R1-24","29","node0764","1","Generic","1U Server","node0764","","","0","0","0","","0","","","compute,cpu"
"idt4gdc_dc3","DC3-R1-24","30","node0765","1","Generic","1U Server","node0765","","","0","0","0","","0","","","compute,cpu"
"idt4gdc_dc3","DC3-R1-24","31","node0766","1","Generic","1U Server","node0766","","","0","0","0","","0","","","compute,cpu"
"idt4gdc_dc3","DC3-R1-24","32","node0767","1","Generic","1U Server","node0767","","","0","0","0","","0","","","compute,cpu"
"idt4gdc_dc3","DC3-R1-25","1","node0768","1","Generic","1U Server","node0768","","","0","0","0","","0","","","compute,cpu"
"idt4gdc_dc3","DC3-R1-25","2","node0769","1","Generic","1U Server","node0769","","","0","0","0","","0","","","compute,cpu"
"idt4gdc_dc3","DC3-R1-25","3","node0770","1","Generic","1U Server","node0770","","","0","0","0","","0","","","compute,cpu"
"idt4gdc_dc3","DC3-R1-25","4","node0771","1","Generic","1U Server","node0771","","","0","0","0","","0","","","compute,cpu"
"idt4gdc_dc3","DC3-R1-25","5","node0772","1","Generic","1U Server","node0772","","","0","0","0","","0","","","compute,cpu"
"idt4gdc_dc3","DC3-R1-25","6","node0773","1","Generic","1U Server","node0773","","","0","0","0","","0","","","compute,cpu"
"idt4gdc_dc3","DC3-R1-25","7","node0774","1","Generic","1U Server","node0774","","","0","0","0","","0","","","compute,cpu"
"idt4gdc_dc3","DC3-R1-25","8","node0775","1","Generic","1U Server","node0775","","","0","0","0","","0","","","compute,cpu"
"idt4gdc_dc3","DC3-R1-25","9","node0776","1","Generic","1U Server","node0776","","","0","0","0","","0","","","compute,cpu"
"idt4gdc_dc3","DC3-R1-25","10","node0777","1","Generic","1U Server","node0777","","","0","0","0","","0","","","compute,cpu"
"idt4gdc_dc3","DC3-R1-25","11","node0778","1","Generic","1U Server","node0778","","","0","0","0","","0","","","compute,cpu"
"idt4gdc_dc3","DC3-R1-25","12","node0779","1","Generic","1U Server","node0779","","","0","0","0","","0","","","compute,cpu"
"idt4gdc_dc3","DC3-R1-25","13","node0780","1","Generic","1U Server","node0780","","","0","0","0","","0","","","compute,cpu"
"idt4gdc_dc3","DC3-R1-25","14","node0781","1","Generic","1U Server","node0781","","","0","0","0","","0","","","compute,cpu"
"idt4gdc_dc3","DC3-R1-25","15","node0782","1","Generic","1U Server","node0782","","","0","0","0","","0","","","compute,cpu"
"idt4gdc_dc3","DC3-R1-25","16","node0783","1","Generic","1U Server","node0783","","","0","0","0","","0","","","compute,cpu"
"idt4gdc_dc3","DC3-R1-25","17","node0784","1","Generic","1U Server","node0784","","","0","0","0","","0","","","compute,cpu"
"idt4gdc_dc3","DC3-R1-25","18","node0785","1","Generic","1U Server","node0785","","","0","0","0","","0","","","compute,cpu"
"idt4gdc_dc3","DC3-R1-25","19","node0786","1","Generic","1U Server","node0786","","","0","0","0","","0","","","compute,cpu"
"idt4gdc_dc3","DC3-R1-25","20","node0787","1","Generic","1U Server","node0787","","","0","0","0","","0","","","compute,cpu"
"idt4gdc_dc3","DC3-R1-25","21","node0788","1","Generic","1U Server","node0788","","","0","0","0","","0","","","compute,cpu"
"idt4gdc_dc3","DC3-R1-25","22","node0789","1","Generic","1U Server","node0789","","","0","0","0","","0","","","compute,cpu"
"idt4gdc_dc3","DC3-R1-25","23","node0790","1","Generic","1U Server","node0790","","","0","0","0","","0","","","compute,cpu"
"idt4gdc_dc3","DC3-R1-25","24","node0791","1","Generic","1U Server","node0791","","","0","0","0","","0","","","compute,cpu"
"idt4gdc_dc3","DC3-R1-25","25","node0792","1","Generic","1U Server","node0792","","","0","0","0","","0","","","compute,cpu"
"idt4gdc_dc3","DC3-R1-25","26","node0793","1","Generic","1U Server","node0793","","","0","0","0","","0","","","compute,cpu"
"idt4gdc_dc3","DC3-R1-25","27","node0794","1","Generic","1U Server","node0794","","","0","0","0","","0","","","compute,cpu"
"idt4gdc_dc3","DC3-R1-25","28","node0795","1","Generic","1U Server","node0795","","","0","0","0","","0","","","compute,cpu"
"idt4gdc_dc3","DC3-R1-25","29","node0796","1","Generic","1U Server","node0796","","","0","0","0","","0","","","compute,cpu"
"idt4gdc_dc3","DC3-R1-25","30","node0797","1","Generic","1U Server","node0797","","","0","0","0","","0","","","compute,cpu"
"idt4gdc_dc3","DC3-R1-25","31","node0798","1","Generic","1U Server","node0798","","","0","0","0","","0","","","compute,cpu"
"idt4gdc_dc3","DC3-R1-25","32","node0799","1","Generic","1U Server","node0799","","","0","0","0","","0","","","compute,cpu"
"idt4gdc_dc3","DC3-R1-26","1","node0800","1","Generic","1U Server","node0800","","","0","0","0","","0","","","compute,cpu"
"idt4gdc_dc3","DC3-R1-26","2","node0801","1","Generic","1U Server","node0801","","","0","0","0","","0","","","compute,cpu"
"idt4gdc_dc3","DC3-R1-26","3","node0802","1","Generic","1U Server","node0802","","","0","0","0","","0","","","compute,cpu"
"idt4gdc_dc3","DC3-R1-26","4","node0803","1","Generic","1U Server","node0803","","","0","0","0","","0","","","compute,cpu"
"idt4gdc_dc3","DC3-R1-26","5","node0804","1","Generic","1U Server","node0804","","","0","0","0","","0","","","compute,cpu"
"idt4gdc_dc3","DC3-R1-26","6","node0805","1","Generic","1U Server","node0805","","","0","0","0","","0","","","compute,cpu"
"idt4gdc_dc3","DC3-R1-26","7","node0806","1","Generic","1U Server","node0806","","","0","0","0","","0","","","compute,cpu"
"idt4gdc_dc3","DC3-R1-26","8","node0807","1","Generic","1U Server","node0807","","","0","0","0","","0","","","compute,cpu"
"idt4gdc_dc3","DC3-R1-26","9","node0808","1","Generic","1U Server","node0808","","","0","0","0","","0","","","compute,cpu"
"idt4gdc_dc3","DC3-R1-26","10","node0809","1","Generic","1U Server","node0809","","","0","0","0","","0","","","compute,cpu"
"idt4gdc_dc3","DC3-R1-26","11","node0810","1","Generic","1U Server","node0810","","","0","0","0","","0","","","compute,cpu"
"idt4gdc_dc3","DC3-R1-26","12","node0811","1","Generic","1U Server","node0811","","","0","0","0","","0","","","compute,cpu"
"idt4gdc_dc3","DC3-R1-26","13","node0812","1","Generic","1U Server","node0812","","","0","0","0","","0","","","compute,cpu"
"idt4gdc_dc3","DC3-R1-26","14","node0813","1","Generic","1U Server","node0813","","","0","0","0","","0","","","compute,cpu"
"idt4gdc_dc3","DC3-R1-26","15","node0814","1","Generic","1U Server","node0814","","","0","0","0","","0","","","compute,cpu"
"idt4gdc_dc3","DC3-R1-26","16","node0815","1","Generic","1U Server","node0815","","","0","0","0","","0","","","compute,cpu"
"idt4gdc_dc3","DC3-R1-26","17","node0816","1","Generic","1U Server","node0816","","","0","0","0","","0","","","compute,cpu"
"idt4gdc_dc3","DC3-R1-26","18","node0817","1","Generic","1U Server","node0817","","","0","0","0","","0","","","compute,cpu"
"idt4gdc_dc3","DC3-R1-26","19","node0818","1","Generic","1U Server","node0818","","","0","0","0","","0","","","compute,cpu"
"idt4gdc_dc3","DC3-R1-26","20","node0819","1","Generic","1U Server","node0819","","","0","0","0","","0","","","compute,cpu"
"idt4gdc_dc3","DC3-R1-26","21","node0820","1","Generic","1U Server","node0820","","","0","0","0","","0","","","compute,cpu"
"idt4gdc_dc3","DC3-R1-26","22","node0821","1","Generic","1U Server","node0821","","","0","0","0","","0","","","compute,cpu"
"idt4gdc_dc3","DC3-R1-26","23","node0822","1","Generic","1U Server","node0822","","","0","0","0","","0","","","compute,cpu"
"idt4gdc_dc3","DC3-R1-26","24","node0823","1","Generic","1U Server","node0823","","","0","0","0","","0","","","compute,cpu"
"idt4gdc_dc3","DC3-R1-26","25","node0824","1","Generic","1U Server","node0824","","","0","0","0","","0","","","compute,cpu"
"idt4gdc_dc3","DC3-R1-26","26","node0825","1","Generic","1U Server","node0825","","","0","0","0","","0","","","compute,cpu"
"idt4gdc_dc3","DC3-R1-26","27","node0826","1","Generic","1U Server","node0826","","","0","0","0","","0","","","compute,cpu"
"idt4gdc_dc3","DC3-R1-26","28","node0827","1","Generic","1U Server","node0827","","","0","0","0","","0","","","compute,cpu"
"idt4gdc_dc3","DC3-R1-26","29","node0828","1","Generic","1U Server","node0828","","","0","0","0","","0","","","compute,cpu"
"idt4gdc_dc3","DC3-R1-26","30","node0829","1","Generic","1U Server","node0829","","","0","0","0","","0","","","compute,cpu"
"idt4gdc_dc3","DC3-R1-26","31","node0830","1","Generic","1U Server","node0830","","","0","0","0","","0","","","compute,cpu"
"idt4gdc_dc3","DC3-R1-26","32","node0831","1","Generic","1U Server","node0831","","","0","0","0","","0","","","compute,cpu"
"idt4gdc_dc3","DC3-R1-27","1","node0832","1","Generic","1U Server","node0832","","","0","0","0","","0","","","compute,cpu"
"idt4gdc_dc3","DC3-R1-27","2","node0833","1","Generic","1U Server","node0833","","","0","0","0","","0","","","compute,cpu"
"idt4gdc_dc3","DC3-R1-27","3","node0834","1","Generic","1U Server","node0834","","","0","0","0","","0","","","compute,cpu"
"idt4gdc_dc3","DC3-R1-27","4","node0835","1","Generic","1U Server","node0835","","","0","0","0","","0","","","compute,cpu"
"idt4gdc_dc3","DC3-R1-27","5","node0836","1","Generic","1U Server","node0836","","","0","0","0","","0","","","compute,cpu"
"idt4gdc_dc3","DC3-R1-27","6","node0837","1","Generic","1U Server","node0837","","","0","0","0","","0","","","compute,cpu"
"idt4gdc_dc3","DC3-R1-27","7","node0838","1","Generic","1U Server","node0838","","","0","0","0","","0","","","compute,cpu"
"idt4gdc_dc3","DC3-R1-27","8","node0839","1","Generic","1U Server","node0839","","","0","0","0","","0","","","compute,cpu"
"idt4gdc_dc3","DC3-R1-27","9","node0840","1","Generic","1U Server","node0840","","","0","0","0","","0","","","compute,cpu"
"idt4gdc_dc3","DC3-R1-27","10","node0841","1","Generic","1U Server","node0841","","","0","0","0","","0","","","compute,cpu"
"idt4gdc_dc3","DC3-R1-27","11","node0842","1","Generic","1U Server","node0842","","","0","0","0","","0","","","compute,cpu"
"idt4gdc_dc3","DC3-R1-27","12","node0843","1","Generic","1U Server","node0843","","","0","0","0","","0","","","compute,cpu"
"idt4gdc_dc3","DC3-R1-27","13","node0844","1","Generic","1U Server","node0844","","","0","0","0","","0","","","compute,cpu"
"idt4gdc_dc3","DC3-R1-27","14","node0845","1","Generic","1U Server","node0845","","","0","0","0","","0","","","compute,cpu"
"idt4gdc_dc3","DC3-R1-27","15","node0846","1","Generic","1U Server","node0846","","","0","0","0","","0","","","compute,cpu"
"idt4gdc_dc3","DC3-R1-27","16","node0847","1","Generic","1U Server","node0847","","","0","0","0","","0","","","compute,cpu"
"idt4gdc_dc3","DC3-R1-27","17","node0848","1","Generic","1U Server","node0848","","","0","0","0","","0","","","compute,cpu"
"idt4gdc_dc3","DC3-R1-27","18","node0849","1","Generic","1U Server","node0849","","","0","0","0","","0","","","compute,cpu"
"idt4gdc_dc3","DC3-R1-27","19","node0850","1","Generic","1U Server","node0850","","","0","0","0","","0","","","compute,cpu"
"idt4gdc_dc3","DC3-R1-27","20","node0851","1","Generic","1U Server","node0851","","","0","0","0","","0","","","compute,cpu"
"idt4gdc_dc3","DC3-R1-27","21","node0852","1","Generic","1U Server","node0852","","","0","0","0","","0","","","compute,cpu"
"idt4gdc_dc3","DC3-R1-27","22","node0853","1","Generic","1U Server","node0853","","","0","0","0","","0","","","compute,cpu"
"idt4gdc_dc3","DC3-R1-27","23","node0854","1","Generic","1U Server","node0854","","","0","0","0","","0","","","compute,cpu"
"idt4gdc_dc3","DC3-R1-27","24","node0855","1","Generic","1U Server","node0855","","","0","0","0","","0","","","compute,cpu"
"idt4gdc_dc3","DC3-R1-27","25","node0856","1","Generic","1U Server","node0856","","","0","0","0","","0","","","compute,cpu"
"idt4gdc_dc3","DC3-R1-27","26","node0857","1","Generic","1U Server","node0857","","","0","0","0","","0","","","compute,cpu"
"idt4gdc_dc3","DC3-R1-27","27","node0858","1","Generic","1U Server","node0858","","","0","0","0","","0","","","compute,cpu"
"idt4gdc_dc3","DC3-R1-27","28","node0859","1","Generic","1U Server","node0859","","","0","0","0","","0","","","compute,cpu"
"idt4gdc_dc3","DC3-R1-27","29","node0860","1","Generic","1U Server","node0860","","","0","0","0","","0","","","compute,cpu"
"idt4gdc_dc3","DC3-R1-27","30","node0861","1","Generic","1U Server","node0861","","","0","0","0","","0","","","compute,cpu"
"idt4gdc_dc3","DC3-R1-27","31","node0862","1","Generic","1U Server","node0862","","","0","0","0","","0","","","compute,cpu"
"idt4gdc_dc3","DC3-R1-27","32","node0863","1","Generic","1U Server","node0863","","","0","0","0","","0","","","compute,cpu"
"idt4gdc_dc3","DC3-R1-28","1","node0864","1","Generic","1U Server","node0864","","","0","0","0","","0","","","compute,cpu"
"idt4gdc_dc3","DC3-R1-28","2","node0865","1","Generic","1U Server","node0865","","","0","0","0","","0","","","compute,cpu"
"idt4gdc_dc3","DC3-R1-28","3","node0866","1","Generic","1U Server","node0866","","","0","0","0","","0","","","compute,cpu"
"idt4gdc_dc3","DC3-R1-28","4","node0867","1","Generic","1U Server","node0867","","","0","0","0","","0","","","compute,cpu"
"idt4gdc_dc3","DC3-R1-28","5","node0868","1","Generic","1U Server","node0868","","","0","0","0","","0","","","compute,cpu"
"idt4gdc_dc3","DC3-R1-28","6","node0869","1","Generic","1U Server","node0869","","","0","0","0","","0","","","compute,cpu"
"idt4gdc_dc3","DC3-R1-28","7","node0870","1","Generic","1U Server","node0870","","","0","0","0","","0","","","compute,cpu"
"idt4gdc_dc3","DC3-R1-28","8","node0871","1","Generic","1U Server","node0871","","","0","0","0","","0","","","compute,cpu"
"idt4gdc_dc3","DC3-R1-28","9","node0872","1","Generic","1U Server","node0872","","","0","0","0","","0","","","compute,cpu"
"idt4gdc_dc3","DC3-R1-28","10","node0873","1","Generic","1U Server","node0873","","","0","0","0","","0","","","compute,cpu"
"idt4gdc_dc3","DC3-R1-28","11","node0874","1","Generic","1U Server","node0874","","","0","0","0","","0","","","compute,cpu"
"idt4gdc_dc3","DC3-R1-28","12","node0875","1","Generic","1U Server","node0875","","","0","0","0","","0","","","compute,cpu"
"idt4gdc_dc3","DC3-R1-28","13","node0876","1","Generic","1U Server","node0876","","","0","0","0","","0","","","compute,cpu"
"idt4gdc_dc3","DC3-R1-28","14","node0877","1","Generic","1U Server","node0877","","","0","0","0","","0","","","compute,cpu"
"idt4gdc_dc3","DC3-R1-28","15","node0878","1","Generic","1U Server","node0878","","","0","0","0","","0","","","compute,cpu"
"idt4gdc_dc3","DC3-R1-28","16","node0879","1","Generic","1U Server","node0879","","","0","0","0","","0","","","compute,cpu"
"idt4gdc_dc3","DC3-R1-28","17","node0880","1","Generic","1U Server","node0880","","","0","0","0","","0","","","compute,cpu"
"idt4gdc_dc3","DC3-R1-28","18","node0881","1","Generic","1U Server","node0881","","","0","0","0","","0","","","compute,cpu"
"idt4gdc_dc3","DC3-R1-28","19","node0882","1","Generic","1U Server","node0882","","","0","0","0","","0","","","compute,cpu"
"idt4gdc_dc3","DC3-R1-28","20","node0883","1","Generic","1U Server","node0883","","","0","0","0","","0","","","compute,cpu"
"idt4gdc_dc3","DC3-R1-28","21","node0884","1","Generic","1U Server","node0884","","","0","0","0","","0","","","compute,cpu"
"idt4gdc_dc3","DC3-R1-28","22","node0885","1","Generic","1U Server","node0885","","","0","0","0","","0","","","compute,cpu"
"idt4gdc_dc3","DC3-R1-28","23","node0886","1","Generic","1U Server","node0886","","","0","0","0","","0","","","compute,cpu"
"idt4gdc_dc3","DC3-R1-28","24","node0887","1","Generic","1U Server","node0887","","","0","0","0","","0","","","compute,cpu"
"idt4gdc_dc3","DC3-R1-28","25","node0888","1","Generic","1U Server","node0888","","","0","0","0","","0","","","compute,cpu"
"idt4gdc_dc3","DC3-R1-28","26","node0889","1","Generic","1U Server","node0889","","","0","0","0","","0","","","compute,cpu"
"idt4gdc_dc3","DC3-R1-28","27","node0890","1","Generic","1U Server","node0890","","","0","0","0","","0","","","compute,cpu"
"idt4gdc_dc3","DC3-R1-28","28","node0891","1","Generic","1U Server","node0891","","","0","0","0","","0","","","compute,cpu"
"idt4gdc_dc3","DC3-R1-28","29","node0892","1","Generic","1U Server","node0892","","","0","0","0","","0","","","compute,cpu"
"idt4gdc_dc3","DC3-R1-28","30","node0893","1","Generic","1U Server","node0893","","","0","0","0","","0","","","compute,cpu"
"idt4gdc_dc3","DC3-R1-28","31","node0894","1","Generic","1U Server","node0894","","","0","0","0","","0","","","compute,cpu"
"idt4gdc_dc3","DC3-R1-28","32","node0895","1","Generic","1U Server","node0895","","","0","0","0","","0","","","compute,cpu"
"idt4gdc_dc3","DC3-R1-29","1","node0896","1","Generic","1U Server","node0896","","","0","0","0","","0","","","compute,cpu"
"idt4gdc_dc3","DC3-R1-29","2","node0897","1","Generic","1U Server","node0897","","","0","0","0","","0","","","compute,cpu"
"idt4gdc_dc3","DC3-R1-29","3","node0898","1","Generic","1U Server","node0898","","","0","0","0","","0","","","compute,cpu"
"idt4gdc_dc3","DC3-R1-29","4","node0899","1","Generic","1U Server","node0899","","","0","0","0","","0","","","compute,cpu"
"idt4gdc_dc3","DC3-R1-29","5","node0900","1","Generic","1U Server","node0900","","","0","0","0","","0","","","compute,cpu"
"idt4gdc_dc3","DC3-R1-29","6","node0901","1","Generic","1U Server","node0901","","","0","0","0","","0","","","compute,cpu"
"idt4gdc_dc3","DC3-R1-29","7","node0902","1","Generic","1U Server","node0902","","","0","0","0","","0","","","compute,cpu"
"idt4gdc_dc3","DC3-R1-29","8","node0903","1","Generic","1U Server","node0903","","","0","0","0","","0","","","compute,cpu"
"idt4gdc_dc3","DC3-R1-29","9","node0904","1","Generic","1U Server","node0904","","","0","0","0","","0","","","compute,cpu"
"idt4gdc_dc3","DC3-R1-29","10","node0905","1","Generic","1U Server","node0905","","","0","0","0","","0","","","compute,cpu"
"idt4gdc_dc3","DC3-R1-29","11","node0906","1","Generic","1U Server","node0906","","","0","0","0","","0","","","compute,cpu"
"idt4gdc_dc3","DC3-R1-29","12","node0907","1","Generic","1U Server","node0907","","","0","0","0","","0","","","compute,cpu"
"idt4gdc_dc3","DC3-R1-29","13","node0908","1","Generic","1U Server","node0908","","","0","0","0","","0","","","compute,cpu"
"idt4gdc_dc3","DC3-R1-29","14","node0909","1","Generic","1U Server","node0909","","","0","0","0","","0","","","compute,cpu"
"idt4gdc_dc3","DC3-R1-29","15","node0910","1","Generic","1U Server","node0910","","","0","0","0","","0","","","compute,cpu"
"idt4gdc_dc3","DC3-R1-29","16","node0911","1","Generic","1U Server","node0911","","","0","0","0","","0","","","compute,cpu"
"idt4gdc_dc3","DC3-R1-29","17","node0912","1","Generic","1U Server","node0912","","","0","0","0","","0","","","compute,cpu"
"idt4gdc_dc3","DC3-R1-29","18","node0913","1","Generic","1U Server","node0913","","","0","0","0","","0","","","compute,cpu"
"idt4gdc_dc3","DC3-R1-29","19","node0914","1","Generic","1U Server","node0914","","","0","0","0","","0","","","compute,cpu"
"idt4gdc_dc3","DC3-R1-29","20","node0915","1","Generic","1U Server","node0915","","","0","0","0","","0","","","compute,cpu"
"idt4gdc_dc3","DC3-R1-29","21","node0916","1","Generic","1U Server","node0916","","","0","0","0","","0","","","compute,cpu"
"idt4gdc_dc3","DC3-R1-29","22","node0917","1","Generic","1U Server","node0917","","","0","0","0","","0","","","compute,cpu"
"idt4gdc_dc3","DC3-R1-29","23","node0918","1","Generic","1U Server","node0918","","","0","0","0","","0","","","compute,cpu"
"idt4gdc_dc3","DC3-R1-29","24","node0919","1","Generic","1U Server","node0919","","","0","0","0","","0","","","compute,cpu"
"idt4gdc_dc3","DC3-R1-29","25","node0920","1","Generic","1U Server","node0920","","","0","0","0","","0","","","compute,cpu"
"idt4gdc_dc3","DC3-R1-29","26","node0921","1","Generic","1U Server","node0921","","","0","0","0","","0","","","compute,cpu"
"idt4gdc_dc3","DC3-R1-29","27","node0922","1","Generic","1U Server","node0922","","","0","0","0","","0","","","compute,cpu"
"idt4gdc_dc3","DC3-R1-29","28","node0923","1","Generic","1U Server","node0923","","","0","0","0","","0","","","compute,cpu"
"idt4gdc_dc3","DC3-R1-29","29","node0924","1","Generic","1U Server","node0924","","","0","0","0","","0","","","compute,cpu"
"idt4gdc_dc3","DC3-R1-29","30","node0925","1","Generic","1U Server","node0925","","","0","0","0","","0","","","compute,cpu"
"idt4gdc_dc3","DC3-R1-29","31","node0926","1","Generic","1U Server","node0926","","","0","0","0","","0","","","compute,cpu"
"idt4gdc_dc3","DC3-R1-29","32","node0927","1","Generic","1U Server","node0927","","","0","0","0","","0","","","compute,cpu"
"idt4gdc_dc3","DC3-R1-30","1","node0928","1","Generic","1U Server","node0928","","","0","0","0","","0","","","compute,cpu"
"idt4gdc_dc3","DC3-R1-30","2","node0929","1","Generic","1U Server","node0929","","","0","0","0","","0","","","compute,cpu"
"idt4gdc_dc3","DC3-R1-30","3","node0930","1","Generic","1U Server","node0930","","","0","0","0","","0","","","compute,cpu"
"idt4gdc_dc3","DC3-R1-30","4","node0931","1","Generic","1U Server","node0931","","","0","0","0","","0","","","compute,cpu"
"idt4gdc_dc3","DC3-R1-30","5","node0932","1","Generic","1U Server","node0932","","","0","0","0","","0","","","compute,cpu"
"idt4gdc_dc3","DC3-R1-30","6","node0933","1","Generic","1U Server","node0933","","","0","0","0","","0","","","compute,cpu"
"idt4gdc_dc3","DC3-R1-30","7","node0934","1","Generic","1U Server","node0934","","","0","0","0","","0","","","compute,cpu"
"idt4gdc_dc3","DC3-R1-30","8","node0935","1","Generic","1U Server","node0935","","","0","0","0","","0","","","compute,cpu"
"idt4gdc_dc3","DC3-R1-30","9","node0936","1","Generic","1U Server","node0936","","","0","0","0","","0","","","compute,cpu"
"idt4gdc_dc3","DC3-R1-30","10","node0937","1","Generic","1U Server","node0937","","","0","0","0","","0","","","compute,cpu"
"idt4gdc_dc3","DC3-R1-30","11","node0938","1","Generic","1U Server","node0938","","","0","0","0","","0","","","compute,cpu"
"idt4gdc_dc3","DC3-R1-30","12","node0939","1","Generic","1U Server","node0939","","","0","0","0","","0","","","compute,cpu"
"idt4gdc_dc3","DC3-R1-30","13","node0940","1","Generic","1U Server","node0940","","","0","0","0","","0","","","compute,cpu"
"idt4gdc_dc3","DC3-R1-30","14","node0941","1","Generic","1U Server","node0941","","","0","0","0","","0","","","compute,cpu"
"idt4gdc_dc3","DC3-R1-30","15","node0942","1","Generic","1U Server","node0942","","","0","0","0","","0","","","compute,cpu"
"idt4gdc_dc3","DC3-R1-30","16","node0943","1","Generic","1U Server","node0943","","","0","0","0","","0","","","compute,cpu"
"idt4gdc_dc3","DC3-R1-30","17","node0944","1","Generic","1U Server","node0944","","","0","0","0","","0","","","compute,cpu"
"idt4gdc_dc3","DC3-R1-30","18","node0945","1","Generic","1U Server","node0945","","","0","0","0","","0","","","compute,cpu"
"idt4gdc_dc3","DC3-R1-30","19","node0946","1","Generic","1U Server","node0946","","","0","0","0","","0","","","compute,cpu"
"idt4gdc_dc3","DC3-R1-30","20","node0947","1","Generic","1U Server","node0947","","","0","0","0","","0","","","compute,cpu"
"idt4gdc_dc3","DC3-R1-30","21","node0948","1","Generic","1U Server","node0948","","","0","0","0","","0","","","compute,cpu"
"idt4gdc_dc3","DC3-R1-30","22","node0949","1","Generic","1U Server","node0949","","","0","0","0","","0","","","compute,cpu"
"idt4gdc_dc3","DC3-R1-30","23","node0950","1","Generic","1U Server","node0950","","","0","0","0","","0","","","compute,cpu"
"idt4gdc_dc3","DC3-R1-30","24","node0951","1","Generic","1U Server","node0951","","","0","0","0","","0","","","compute,cpu"
"idt4gdc_dc3","DC3-R1-30","25","node0952","1","Generic","1U Server","node0952","","","0","0","0","","0","","","compute,cpu"
"idt4gdc_dc3","DC3-R1-30","26","node0953","1","Generic","1U Server","node0953","","","0","0","0","","0","","","compute,cpu"
"idt4gdc_dc3","DC3-R1-30","27","node0954","1","Generic","1U Server","node0954","","","0","0","0","","0","","","compute,cpu"
"idt4gdc_dc3","DC3-R1-30","28","node0955","1","Generic","1U Server","node0955","","","0","0","0","","0","","","compute,cpu"
"idt4gdc_dc3","DC3-R1-30","29","node0956","1","Generic","1U Server","node0956","","","0","0","0","","0","","","compute,cpu"
"idt4gdc_dc3","DC3-R1-30","30","node0957","1","Generic","1U Server","node0957","","","0","0","0","","0","","","compute,cpu"
"idt4gdc_dc3","DC3-R1-30","31","node0958","1","Generic","1U Server","node0958","","","0","0","0","","0","","","compute,cpu"
"idt4gdc_dc3","DC3-R1-30","32","node0959","1","Generic","1U Server","node0959","","","0","0","0","","0","","","compute,cpu"
"idt4gdc_dc3","DC3-R1-31","1","node0960","1","Generic","1U Server","node0960","","","0","0","0","","0","","","compute,cpu"
"idt4gdc_dc3","DC3-R1-31","2","node0961","1","Generic","1U Server","node0961","","","0","0","0","","0","","","compute,cpu"
"idt4gdc_dc3","DC3-R1-31","3","node0962","1","Generic","1U Server","node0962","","","0","0","0","","0","","","compute,cpu"
"idt4gdc_dc3","DC3-R1-31","4","node0963","1","Generic","1U Server","node0963","","","0","0","0","","0","","","compute,cpu"
"idt4gdc_dc3","DC3-R1-31","5","node0964","1","Generic","1U Server","node0964","","","0","0","0","","0","","","compute,cpu"
"idt4gdc_dc3","DC3-R1-31","6","node0965","1","Generic","1U Server","node0965","","","0","0","0","","0","","","compute,cpu"
"idt4gdc_dc3","DC3-R1-31","7","node0966","1","Generic","1U Server","node0966","","","0","0","0","","0","","","compute,cpu"
"idt4gdc_dc3","DC3-R1-31","8","node0967","1","Generic","1U Server","node0967","","","0","0","0","","0","","","compute,cpu"
"idt4gdc_dc3","DC3-R1-31","9","node0968","1","Generic","1U Server","node0968","","","0","0","0","","0","","","compute,cpu"
"idt4gdc_dc3","DC3-R1-31","10","node0969","1","Generic","1U Server","node0969","","","0","0","0","","0","","","compute,cpu"
"idt4gdc_dc3","DC3-R1-31","11","node0970","1","Generic","1U Server","node0970","","","0","0","0","","0","","","compute,cpu"
"idt4gdc_dc3","DC3-R1-31","12","node0971","1","Generic","1U Server","node0971","","","0","0","0","","0","","","compute,cpu"
"idt4gdc_dc3","DC3-R1-31","13","node0972","1","Generic","1U Server","node0972","","","0","0","0","","0","","","compute,cpu"
"idt4gdc_dc3","DC3-R1-31","14","node0973","1","Generic","1U Server","node0973","","","0","0","0","","0","","","compute,cpu"
"idt4gdc_dc3","DC3-R1-31","15","node0974","1","Generic","1U Server","node0974","","","0","0","0","","0","","","compute,cpu"
"idt4gdc_dc3","DC3-R1-31","16","node0975","1","Generic","1U Server","node0975","","","0","0","0","","0","","","compute,cpu"
"idt4gdc_dc3","DC3-R1-31","17","node0976","1","Generic","1U Server","node0976","","","0","0","0","","0","","","compute,cpu"
"idt4gdc_dc3","DC3-R1-31","18","node0977","1","Generic","1U Server","node0977","","","0","0","0","","0","","","compute,cpu"
"idt4gdc_dc3","DC3-R1-31","19","node0978","1","Generic","1U Server","node0978","","","0","0","0","","0","","","compute,cpu"
"idt4gdc_dc3","DC3-R1-31","20","node0979","1","Generic","1U Server","node0979","","","0","0","0","","0","","","compute,cpu"
"idt4gdc_dc3","DC3-R1-31","21","node0980","1","Generic","1U Server","node0980","","","0","0","0","","0","","","compute,cpu"
"idt4gdc_dc3","DC3-R1-31","22","node0981","1","Generic","1U Server","node0981","","","0","0","0","","0","","","compute,cpu"
"idt4gdc_dc3","DC3-R1-31","23","node0982","1","Generic","1U Server","node0982","","","0","0","0","","0","","","compute,cpu"
"idt4gdc_dc3","DC3-R1-31","24","node0983","1","Generic","1U Server","node0983","","","0","0","0","","0","","","compute,cpu"
"idt4gdc_dc3","DC3-R1-31","25","node0984","1","Generic","1U Server","node0984","","","0","0","0","","0","","","compute,cpu"
"idt4gdc_dc3","DC3-R1-31","26","node0985","1","Generic","1U Server","node0985","","","0","0","0","","0","","","compute,cpu"
"idt4gdc_dc3","DC3-R1-31","27","node0986","1","Generic","1U Server","node0986","","","0","0","0","","0","","","compute,cpu"
"idt4gdc_dc3","DC3-R1-31","28","node0987","1","Generic","1U Server","node0987","","","0","0","0","","0","","","compute,cpu"
"idt4gdc_dc3","DC3-R1-31","29","node0988","1","Generic","1U Server","node0988","","","0","0","0","","0","","","compute,cpu"
"idt4gdc_dc3","DC3-R1-31","30","node0989","1","Generic","1U Server","node0989","","","0","0","0","","0","","","compute,cpu"
"idt4gdc_dc3","DC3-R1-31","31","node0990","1","Generic","1U Server","node0990","","","0","0","0","","0","","","compute,cpu"
"idt4gdc_dc3","DC3-R1-31","32","node0991","1","Generic","1U Server","node0991","","","0","0","0","","0","","","compute,cpu"
"idt4gdc_dc3","DC3-R1-32","1","node0992","1","Generic","1U Server","node0992","","","0","0","0","","0","","","compute,cpu"
"idt4gdc_dc3","DC3-R1-32","2","node0993","1","Generic","1U Server","node0993","","","0","0","0","","0","","","compute,cpu"
"idt4gdc_dc3","DC3-R1-32","3","node0994","1","Generic","1U Server","node0994","","","0","0","0","","0","","","compute,cpu"
"idt4gdc_dc3","DC3-R1-32","4","node0995","1","Generic","1U Server","node0995","","","0","0","0","","0","","","compute,cpu"
"idt4gdc_dc3","DC3-R1-32","5","node0996","1","Generic","1U Server","node0996","","","0","0","0","","0","","","compute,cpu"
"idt4gdc_dc3","DC3-R1-32","6","node0997","1","Generic","1U Server","node0997","","","0","0","0","","0","","","compute,cpu"
"idt4gdc_dc3","DC3-R1-32","7","node0998","1","Generic","1U Server","node0998","","","0","0","0","","0","","","compute,cpu"
"idt4gdc_dc3","DC3-R1-32","8","node0999","1","Generic","1U Server","node0999","","","0","0","0","","0","","","compute,cpu"
"idt4gdc_dc3","DC3-R1-32","9","node1000","1","Generic","1U Server","node1000","","","0","0","0","","0","","","compute,cpu"
"idt4gdc_dc3","DC3-R1-32","10","node1001","1","Generic","1U Server","node1001","","","0","0","0","","0","","","compute,cpu"
"idt4gdc_dc3","DC3-R1-32","11","node1002","1","Generic","1U Server","node1002","","","0","0","0","","0","","","compute,cpu"
"idt4gdc_dc3","DC3-R1-32","12","node1003","1","Generic","1U Server","node1003","","","0","0","0","","0","","","compute,cpu"
"idt4gdc_dc3","DC3-R1-32","13","node1004","1","Generic","1U Server","node1004","","","0","0","0","","0","","","compute,cpu"
"idt4gdc_dc3","DC3-R1-32","14","node1005","1","Generic","1U Server","node1005","","","0","0","0","","0","","","compute,cpu"
"idt4gdc_dc3","DC3-R1-32","15","node1006","1","Generic","1U Server","node1006","","","0","0","0","","0","","","compute,cpu"
"idt4gdc_dc3","DC3-R1-32","16","node1007","1","Generic","1U Server","node1007","","","0","0","0","","0","","","compute,cpu"
"idt4gdc_dc3","DC3-R1-32","17","node1008","1","Generic","1U Server","node1008","","","0","0","0","","0","","","compute,cpu"
"idt4gdc_dc3","DC3-R1-32","18","node1009","1","Generic","1U Server","node1009","","","0","0","0","","0","","","compute,cpu"
"idt4gdc_dc3","DC3-R1-32","19","node1010","1","Generic","1U Server","node1010","","","0","0","0","","0","","","compute,cpu"
"idt4gdc_dc3","DC3-R1-32","20","node1011","1","Generic","1U Server","node1011","","","0","0","0","","0","","","compute,cpu"
"idt4gdc_dc3","DC3-R1-32","21","node1012","1","Generic","1U Server","node1012","","","0","0","0","","0","","","compute,cpu"
"idt4gdc_dc3","DC3-R1-32","22","node1013","1","Generic","1U Server","node1013","","","0","0","0","","0","","","compute,cpu"
"idt4gdc_dc3","DC3-R1-32","23","node1014","1","Generic","1U Server","node1014","","","0","0","0","","0","","","compute,cpu"
"idt4gdc_dc3","DC3-R1-32","24","node1015","1","Generic","1U Server","node1015","","","0","0","0","","0","","","compute,cpu"
"idt4gdc_dc3","DC3-R1-32","25","node1016","1","Generic","1U Server","node1016","","","0","0","0","","0","","","compute,cpu"
"idt4gdc_dc3","DC3-R1-32","26","node1017","1","Generic","1U Server","node1017","","","0","0","0","","0","","","compute,cpu"
"idt4gdc_dc3","DC3-R1-32","27","node1018","1","Generic","1U Server","node1018","","","0","0","0","","0","","","compute,cpu"
"idt4gdc_dc3","DC3-R1-32","28","node1019","1","Generic","1U Server","node1019","","","0","0","0","","0","","","compute,cpu"
"idt4gdc_dc3","DC3-R1-32","29","node1020","1","Generic","1U Server","node1020","","","0","0","0","","0","","","compute,cpu"
"idt4gdc_dc3","DC3-R1-32","30","node1021","1","Generic","1U Server","node1021","","","0","0","0","","0","","","compute,cpu"
"idt4gdc_dc3","DC3-R1-32","31","node1022","1","Generic","1U Server","node1022","","","0","0","0","","0","","","compute,cpu"
"idt4gdc_dc3","DC3-R1-32","32","node1023","1","Generic","1U Server","node1023","","","0","0","0","","0","","","compute,cpu"
"idt4gdc_dc3","DC3-R1-33","1","node1024","1","Generic","1U Server","node1024","","","0","0","0","","0","","","compute,cpu"
"idt4gdc_dc3","DC3-R1-33","2","node1025","1","Generic","1U Server","node1025","","","0","0","0","","0","","","compute,cpu"
"idt4gdc_dc3","DC3-R1-33","3","node1026","1","Generic","1U Server","node1026","","","0","0","0","","0","","","compute,cpu"
"idt4gdc_dc3","DC3-R1-33","4","node1027","1","Generic","1U Server","node1027","","","0","0","0","","0","","","compute,cpu"
"idt4gdc_dc3","DC3-R1-33","5","node1028","1","Generic","1U Server","node1028","","","0","0","0","","0","","","compute,cpu"
"idt4gdc_dc3","DC3-R1-33","6","node1029","1","Generic","1U Server","node1029","","","0","0","0","","0","","","compute,cpu"
"idt4gdc_dc3","DC3-R1-33","7","node1030","1","Generic","1U Server","node1030","","","0","0","0","","0","","","compute,cpu"
"idt4gdc_dc3","DC3-R1-33","8","node1031","1","Generic","1U Server","node1031","","","0","0","0","","0","","","compute,cpu"
"idt4gdc_dc3","DC3-R1-33","9","node1032","1","Generic","1U Server","node1032","","","0","0","0","","0","","","compute,cpu"
"idt4gdc_dc3","DC3-R1-33","10","node1033","1","Generic","1U Server","node1033","","","0","0","0","","0","","","compute,cpu"
"idt4gdc_dc3","DC3-R1-33","11","node1034","1","Generic","1U Server","node1034","","","0","0","0","","0","","","compute,cpu"
"idt4gdc_dc3","DC3-R1-33","12","node1035","1","Generic","1U Server","node1035","","","0","0","0","","0","","","compute,cpu"
"idt4gdc_dc3","DC3-R1-33","13","node1036","1","Generic","1U Server","node1036","","","0","0","0","","0","","","compute,cpu"
"idt4gdc_dc3","DC3-R1-33","14","node1037","1","Generic","1U Server","node1037","","","0","0","0","","0","","","compute,cpu"
"idt4gdc_dc3","DC3-R1-33","15","node1038","1","Generic","1U Server","node1038","","","0","0","0","","0","","","compute,cpu"
"idt4gdc_dc3","DC3-R1-33","16","node1039","1","Generic","1U Server","node1039","","","0","0","0","","0","","","compute,cpu"
"idt4gdc_dc3","DC3-R1-33","17","node1040","1","Generic","1U Server","node1040","","","0","0","0","","0","","","compute,cpu"
"idt4gdc_dc3","DC3-R1-33","18","node1041","1","Generic","1U Server","node1041","","","0","0","0","","0","","","compute,cpu"
"idt4gdc_dc3","DC3-R1-33","19","node1042","1","Generic","1U Server","node1042","","","0","0","0","","0","","","compute,cpu"
"idt4gdc_dc3","DC3-R1-33","20","node1043","1","Generic","1U Server","node1043","","","0","0","0","","0","","","compute,cpu"
"idt4gdc_dc3","DC3-R1-33","21","node1044","1","Generic","1U Server","node1044","","","0","0","0","","0","","","compute,cpu"
"idt4gdc_dc3","DC3-R1-33","22","node1045","1","Generic","1U Server","node1045","","","0","0","0","","0","","","compute,cpu"
"idt4gdc_dc3","DC3-R1-33","23","node1046","1","Generic","1U Server","node1046","","","0","0","0","","0","","","compute,cpu"
"idt4gdc_dc3","DC3-R1-33","24","node1047","1","Generic","1U Server","node1047","","","0","0","0","","0","","","compute,cpu"
"idt4gdc_dc3","DC3-R1-33","25","node1048","1","Generic","1U Server","node1048","","","0","0","0","","0","","","compute,cpu"
"idt4gdc_dc3","DC3-R1-33","26","node1049","1","Generic","1U Server","node1049","","","0","0","0","","0","","","compute,cpu"
"idt4gdc_dc3","DC3-R1-33","27","node1050","1","Generic","1U Server","node1050","","","0","0","0","","0","","","compute,cpu"
"idt4gdc_dc3","DC3-R1-33","28","node1051","1","Generic","1U Server","node1051","","","0","0","0","","0","","","compute,cpu"
"idt4gdc_dc3","DC3-R1-33","29","node1052","1","Generic","1U Server","node1052","","","0","0","0","","0","","","compute,cpu"
"idt4gdc_dc3","DC3-R1-33","30","node1053","1","Generic","1U Server","node1053","","","0","0","0","","0","","","compute,cpu"
"idt4gdc_dc3","DC3-R1-33","31","node1054","1","Generic","1U Server","node1054","","","0","0","0","","0","","","compute,cpu"
"idt4gdc_dc3","DC3-R1-33","32","node1055","1","Generic","1U Server","node1055","","","0","0","0","","0","","","compute,cpu"
"idt4gdc_dc3","DC3-R1-34","1","node1056","1","Generic","1U Server","node1056","","","0","0","0","","0","","","compute,cpu"
"idt4gdc_dc3","DC3-R1-34","2","node1057","1","Generic","1U Server","node1057","","","0","0","0","","0","","","compute,cpu"
"idt4gdc_dc3","DC3-R1-34","3","node1058","1","Generic","1U Server","node1058","","","0","0","0","","0","","","compute,cpu"
"idt4gdc_dc3","DC3-R1-34","4","node1059","1","Generic","1U Server","node1059","","","0","0","0","","0","","","compute,cpu"
"idt4gdc_dc3","DC3-R1-34","5","node1060","1","Generic","1U Server","node1060","","","0","0","0","","0","","","compute,cpu"
"idt4gdc_dc3","DC3-R1-34","6","node1061","1","Generic","1U Server","node1061","","","0","0","0","","0","","","compute,cpu"
"idt4gdc_dc3","DC3-R1-34","7","node1062","1","Generic","1U Server","node1062","","","0","0","0","","0","","","compute,cpu"
"idt4gdc_dc3","DC3-R1-34","8","node1063","1","Generic","1U Server","node1063","","","0","0","0","","0","","","compute,cpu"
"idt4gdc_dc3","DC3-R1-34","9","node1064","1","Generic","1U Server","node1064","","","0","0","0","","0","","","compute,cpu"
"idt4gdc_dc3","DC3-R1-34","10","node1065","1","Generic","1U Server","node1065","","","0","0","0","","0","","","compute,cpu"
"idt4gdc_dc3","DC3-R1-34","11","node1066","1","Generic","1U Server","node1066","","","0","0","0","","0","","","compute,cpu"
"idt4gdc_dc3","DC3-R1-34","12","node1067","1","Generic","1U Server","node1067","","","0","0","0","","0","","","compute,cpu"
"idt4gdc_dc3","DC3-R1-34","13","node1068","1","Generic","1U Server","node1068","","","0","0","0","","0","","","compute,cpu"
"idt4gdc_dc3","DC3-R1-34","14","node1069","1","Generic","1U Server","node1069","","","0","0","0","","0","","","compute,cpu"
"idt4gdc_dc3","DC3-R1-34","15","node1070","1","Generic","1U Server","node1070","","","0","0","0","","0","","","compute,cpu"
"idt4gdc_dc3","DC3-R1-34","16","node1071","1","Generic","1U Server","node1071","","","0","0","0","","0","","","compute,cpu"
"idt4gdc_dc3","DC3-R1-34","17","node1072","1","Generic","1U Server","node1072","","","0","0","0","","0","","","compute,cpu"
"idt4gdc_dc3","DC3-R1-34","18","node1073","1","Generic","1U Server","node1073","","","0","0","0","","0","","","compute,cpu"
"idt4gdc_dc3","DC3-R1-34","19","node1074","1","Generic","1U Server","node1074","","","0","0","0","","0","","","compute,cpu"
"idt4gdc_dc3","DC3-R1-34","20","node1075","1","Generic","1U Server","node1075","","","0","0","0","","0","","","compute,cpu"
"idt4gdc_dc3","DC3-R1-34","21","node1076","1","Generic","1U Server","node1076","","","0","0","0","","0","","","compute,cpu"
"idt4gdc_dc3","DC3-R1-34","22","node1077","1","Generic","1U Server","node1077","","","0","0","0","","0","","","compute,cpu"
"idt4gdc_dc3","DC3-R1-34","23","node1078","1","Generic","1U Server","node1078","","","0","0","0","","0","","","compute,cpu"
"idt4gdc_dc3","DC3-R1-34","24","node1079","1","Generic","1U Server","node1079","","","0","0","0","","0","","","compute,cpu"
"idt4gdc_dc3","DC3-R1-34","25","node1080","1","Generic","1U Server","node1080","","","0","0","0","","0","","","compute,cpu"
"idt4gdc_dc3","DC3-R1-34","26","node1081","1","Generic","1U Server","node1081","","","0","0","0","","0","","","compute,cpu"
"idt4gdc_dc3","DC3-R1-34","27","node1082","1","Generic","1U Server","node1082","","","0","0","0","","0","","","compute,cpu"
"idt4gdc_dc3","DC3-R1-34","28","node1083","1","Generic","1U Server","node1083","","","0","0","0","","0","","","compute,cpu"
"idt4gdc_dc3","DC3-R1-34","29","node1084","1","Generic","1U Server","node1084","","","0","0","0","","0","","","compute,cpu"
"idt4gdc_dc3","DC3-R1-34","30","node1085","1","Generic","1U Server","node1085","","","0","0","0","","0","","","compute,cpu"
"idt4gdc_dc3","DC3-R1-34","31","node1086","1","Generic","1U Server","node1086","","","0","0","0","","0","","","compute,cpu"
"idt4gdc_dc3","DC3-R1-34","32","node1087","1","Generic","1U Server","node1087","","","0","0","0","","0","","","compute,cpu"
"idt4gdc_dc3","DC3-R1-35","1","node1088","1","Generic","1U Server","node1088","","","0","0","0","","0","","","compute,cpu"
"idt4gdc_dc3","DC3-R1-35","2","node1089","1","Generic","1U Server","node1089","","","0","0","0","","0","","","compute,cpu"
"idt4gdc_dc3","DC3-R1-35","3","node1090","1","Generic","1U Server","node1090","","","0","0","0","","0","","","compute,cpu"
"idt4gdc_dc3","DC3-R1-35","4","node1091","1","Generic","1U Server","node1091","","","0","0","0","","0","","","compute,cpu"
"idt4gdc_dc3","DC3-R1-35","5","node1092","1","Generic","1U Server","node1092","","","0","0","0","","0","","","compute,cpu"
"idt4gdc_dc3","DC3-R1-35","6","node1093","1","Generic","1U Server","node1093","","","0","0","0","","0","","","compute,cpu"
"idt4gdc_dc3","DC3-R1-35","7","node1094","1","Generic","1U Server","node1094","","","0","0","0","","0","","","compute,cpu"
"idt4gdc_dc3","DC3-R1-35","8","node1095","1","Generic","1U Server","node1095","","","0","0","0","","0","","","compute,cpu"
"idt4gdc_dc3","DC3-R1-35","9","node1096","1","Generic","1U Server","node1096","","","0","0","0","","0","","","compute,cpu"
"idt4gdc_dc3","DC3-R1-35","10","node1097","1","Generic","1U Server","node1097","","","0","0","0","","0","","","compute,cpu"
"idt4gdc_dc3","DC3-R1-35","11","node1098","1","Generic","1U Server","node1098","","","0","0","0","","0","","","compute,cpu"
"idt4gdc_dc3","DC3-R1-35","12","node1099","1","Generic","1U Server","node1099","","","0","0","0","","0","","","compute,cpu"
"idt4gdc_dc3","DC3-R1-35","13","node1100","1","Generic","1U Server","node1100","","","0","0","0","","0","","","compute,cpu"
"idt4gdc_dc3","DC3-R1-35","14","node1101","1","Generic","1U Server","node1101","","","0","0","0","","0","","","compute,cpu"
"idt4gdc_dc3","DC3-R1-35","15","node1102","1","Generic","1U Server","node1102","","","0","0","0","","0","","","compute,cpu"
"idt4gdc_dc3","DC3-R1-35","16","node1103","1","Generic","1U Server","node1103","","","0","0","0","","0","","","compute,cpu"
"idt4gdc_dc3","DC3-R1-35","17","node1104","1","Generic","1U Server","node1104","","","0","0","0","","0","","","compute,cpu"
"idt4gdc_dc3","DC3-R1-35","18","node1105","1","Generic","1U Server","node1105","","","0","0","0","","0","","","compute,cpu"
"idt4gdc_dc3","DC3-R1-35","19","node1106","1","Generic","1U Server","node1106","","","0","0","0","","0","","","compute,cpu"
"idt4gdc_dc3","DC3-R1-35","20","node1107","1","Generic","1U Server","node1107","","","0","0","0","","0","","","compute,cpu"
"idt4gdc_dc3","DC3-R1-35","21","node1108","1","Generic","1U Server","node1108","","","0","0","0","","0","","","compute,cpu"
"idt4gdc_dc3","DC3-R1-35","22","node1109","1","Generic","1U Server","node1109","","","0","0","0","","0","","","compute,cpu"
"idt4gdc_dc3","DC3-R1-35","23","node1110","1","Generic","1U Server","node1110","","","0","0","0","","0","","","compute,cpu"
"idt4gdc_dc3","DC3-R1-35","24","node1111","1","Generic","1U Server","node1111","","","0","0","0","","0","","","compute,cpu"
"idt4gdc_dc3","DC3-R1-35","25","node1112","1","Generic","1U Server","node1112","","","0","0","0","","0","","","compute,cpu"
"idt4gdc_dc3","DC3-R1-35","26","node1113","1","Generic","1U Server","node1113","","","0","0","0","","0","","","compute,cpu"
"idt4gdc_dc3","DC3-R1-35","27","node1114","1","Generic","1U Server","node1114","","","0","0","0","","0","","","compute,cpu"
"idt4gdc_dc3","DC3-R1-35","28","node1115","1","Generic","1U Server","node1115","","","0","0","0","","0","","","compute,cpu"
"idt4gdc_dc3","DC3-R1-35","29","node1116","1","Generic","1U Server","node1116","","","0","0","0","","0","","","compute,cpu"
"idt4gdc_dc3","DC3-R1-35","30","node1117","1","Generic","1U Server","node1117","","","0","0","0","","0","","","compute,cpu"
"idt4gdc_dc3","DC3-R1-35","31","node1118","1","Generic","1U Server","node1118","","","0","0","0","","0","","","compute,cpu"
"idt4gdc_dc3","DC3-R1-35","32","node1119","1","Generic","1U Server","node1119","","","0","0","0","","0","","","compute,cpu"
"idt4gdc_dc3","DC3-R1-36","1","node1120","1","Generic","1U Server","node1120","","","0","0","0","","0","","","compute,cpu"
"idt4gdc_dc3","DC3-R1-36","2","node1121","1","Generic","1U Server","node1121","","","0","0","0","","0","","","compute,cpu"
"idt4gdc_dc3","DC3-R1-36","3","node1122","1","Generic","1U Server","node1122","","","0","0","0","","0","","","compute,cpu"
"idt4gdc_dc3","DC3-R1-36","4","node1123","1","Generic","1U Server","node1123","","","0","0","0","","0","","","compute,cpu"
"idt4gdc_dc3","DC3-R1-36","5","node1124","1","Generic","1U Server","node1124","","","0","0","0","","0","","","compute,cpu"
"idt4gdc_dc3","DC3-R1-36","6","node1125","1","Generic","1U Server","node1125","","","0","0","0","","0","","","compute,cpu"
"idt4gdc_dc3","DC3-R1-36","7","node1126","1","Generic","1U Server","node1126","","","0","0","0","","0","","","compute,cpu"
"idt4gdc_dc3","DC3-R1-36","8","node1127","1","Generic","1U Server","node1127","","","0","0","0","","0","","","compute,cpu"
"idt4gdc_dc3","DC3-R1-36","9","node1128","1","Generic","1U Server","node1128","","","0","0","0","","0","","","compute,cpu"
"idt4gdc_dc3","DC3-R1-36","10","node1129","1","Generic","1U Server","node1129","","","0","0","0","","0","","","compute,cpu"
"idt4gdc_dc3","DC3-R1-36","11","node1130","1","Generic","1U Server","node1130","","","0","0","0","","0","","","compute,cpu"
"idt4gdc_dc3","DC3-R1-36","12","node1131","1","Generic","1U Server","node1131","","","0","0","0","","0","","","compute,cpu"
"idt4gdc_dc3","DC3-R1-36","13","node1132","1","Generic","1U Server","node1132","","","0","0","0","","0","","","compute,cpu"
"idt4gdc_dc3","DC3-R1-36","14","node1133","1","Generic","1U Server","node1133","","","0","0","0","","0","","","compute,cpu"
"idt4gdc_dc3","DC3-R1-36","15","node1134","1","Generic","1U Server","node1134","","","0","0","0","","0","","","compute,cpu"
"idt4gdc_dc3","DC3-R1-36","16","node1135","1","Generic","1U Server","node1135","","","0","0","0","","0","","","compute,cpu"
"idt4gdc_dc3","DC3-R1-36","17","node1136","1","Generic","1U Server","node1136","","","0","0","0","","0","","","compute,cpu"
"idt4gdc_dc3","DC3-R1-36","18","node1137","1","Generic","1U Server","node1137","","","0","0","0","","0","","","compute,cpu"
"idt4gdc_dc3","DC3-R1-36","19","node1138","1","Generic","1U Server","node1138","","","0","0","0","","0","","","compute,cpu"
"idt4gdc_dc3","DC3-R1-36","20","node1139","1","Generic","1U Server","node1139","","","0","0","0","","0","","","compute,cpu"
"idt4gdc_dc3","DC3-R1-36","21","node1140","1","Generic","1U Server","node1140","","","0","0","0","","0","","","compute,cpu"
"idt4gdc_dc3","DC3-R1-36","22","node1141","1","Generic","1U Server","node1141","","","0","0","0","","0","","","compute,cpu"
"idt4gdc_dc3","DC3-R1-36","23","node1142","1","Generic","1U Server","node1142","","","0","0","0","","0","","","compute,cpu"
"idt4gdc_dc3","DC3-R1-36","24","node1143","1","Generic","1U Server","node1143","","","0","0","0","","0","","","compute,cpu"
"idt4gdc_dc3","DC3-R1-36","25","node1144","1","Generic","1U Server","node1144","","","0","0","0","","0","","","compute,cpu"
"idt4gdc_dc3","DC3-R1-36","26","node1145","1","Generic","1U Server","node1145","","","0","0","0","","0","","","compute,cpu"
"idt4gdc_dc3","DC3-R1-36","27","node1146","1","Generic","1U Server","node1146","","","0","0","0","","0","","","compute,cpu"
"idt4gdc_dc3","DC3-R1-36","28","node1147","1","Generic","1U Server","node1147","","","0","0","0","","0","","","compute,cpu"
"idt4gdc_dc3","DC3-R1-36","29","node1148","1","Generic","1U Server","node1148","","","0","0","0","","0","","","compute,cpu"
"idt4gdc_dc3","DC3-R1-36","30","node1149","1","Generic","1U Server","node1149","","","0","0","0","","0","","","compute,cpu"
"idt4gdc_dc3","DC3-R1-36","31","node1150","1","Generic","1U Server","node1150","","","0","0","0","","0","","","compute,cpu"
"idt4gdc_dc3","DC3-R1-36","32","node1151","1","Generic","1U Server","node1151","","","0","0","0","","0","","","compute,cpu"
"idt4gdc_dc3","DC3-R1-37","1","node1152","1","Generic","1U Server","node1152","","","0","0","0","","0","","","compute,cpu"
"idt4gdc_dc3","DC3-R1-37","2","node1153","1","Generic","1U Server","node1153","","","0","0","0","","0","","","compute,cpu"
"idt4gdc_dc3","DC3-R1-37","3","node1154","1","Generic","1U Server","node1154","","","0","0","0","","0","","","compute,cpu"
"idt4gdc_dc3","DC3-R1-37","4","node1155","1","Generic","1U Server","node1155","","","0","0","0","","0","","","compute,cpu"
"idt4gdc_dc3","DC3-R1-37","5","node1156","1","Generic","1U Server","node1156","","","0","0","0","","0","","","compute,cpu"
"idt4gdc_dc3","DC3-R1-37","6","node1157","1","Generic","1U Server","node1157","","","0","0","0","","0","","","compute,cpu"
"idt4gdc_dc3","DC3-R1-37","7","node1158","1","Generic","1U Server","node1158","","","0","0","0","","0","","","compute,cpu"
"idt4gdc_dc3","DC3-R1-37","8","node1159","1","Generic","1U Server","node1159","","","0","0","0","","0","","","compute,cpu"
"idt4gdc_dc3","DC3-R1-37","9","node1160","1","Generic","1U Server","node1160","","","0","0","0","","0","","","compute,cpu"
"idt4gdc_dc3","DC3-R1-37","10","node1161","1","Generic","1U Server","node1161","","","0","0","0","","0","","","compute,cpu"
"idt4gdc_dc3","DC3-R1-37","11","node1162","1","Generic","1U Server","node1162","","","0","0","0","","0","","","compute,cpu"
"idt4gdc_dc3","DC3-R1-37","12","node1163","1","Generic","1U Server","node1163","","","0","0","0","","0","","","compute,cpu"
"idt4gdc_dc3","DC3-R1-37","13","node1164","1","Generic","1U Server","node1164","","","0","0","0","","0","","","compute,cpu"
"idt4gdc_dc3","DC3-R1-37","14","node1165","1","Generic","1U Server","node1165","","","0","0","0","","0","","","compute,cpu"
"idt4gdc_dc3","DC3-R1-37","15","node1166","1","Generic","1U Server","node1166","","","0","0","0","","0","","","compute,cpu"
"idt4gdc_dc3","DC3-R1-37","16","node1167","1","Generic","1U Server","node1167","","","0","0","0","","0","","","compute,cpu"
"idt4gdc_dc3","DC3-R1-37","17","node1168","1","Generic","1U Server","node1168","","","0","0","0","","0","","","compute,cpu"
"idt4gdc_dc3","DC3-R1-37","18","node1169","1","Generic","1U Server","node1169","","","0","0","0","","0","","","compute,cpu"
"idt4gdc_dc3","DC3-R1-37","19","node1170","1","Generic","1U Server","node1170","","","0","0","0","","0","","","compute,cpu"
"idt4gdc_dc3","DC3-R1-37","20","node1171","1","Generic","1U Server","node1171","","","0","0","0","","0","","","compute,cpu"
"idt4gdc_dc3","DC3-R1-37","21","node1172","1","Generic","1U Server","node1172","","","0","0","0","","0","","","compute,cpu"
"idt4gdc_dc3","DC3-R1-37","22","node1173","1","Generic","1U Server","node1173","","","0","0","0","","0","","","compute,cpu"
"idt4gdc_dc3","DC3-R1-37","23","node1174","1","Generic","1U Server","node1174","","","0","0","0","","0","","","compute,cpu"
"idt4gdc_dc3","DC3-R1-37","24","node1175","1","Generic","1U Server","node1175","","","0","0","0","","0","","","compute,cpu"
"idt4gdc_dc3","DC3-R1-37","25","node1176","1","Generic","1U Server","node1176","","","0","0","0","","0","","","compute,cpu"
"idt4gdc_dc3","DC3-R1-37","26","node1177","1","Generic","1U Server","node1177","","","0","0","0","","0","","","compute,cpu"
"idt4gdc_dc3","DC3-R1-37","27","node1178","1","Generic","1U Server","node1178","","","0","0","0","","0","","","compute,cpu"
"idt4gdc_dc3","DC3-R1-37","28","node1179","1","Generic","1U Server","node1179","","","0","0","0","","0","","","compute,cpu"
"idt4gdc_dc3","DC3-R1-37","29","node1180","1","Generic","1U Server","node1180","","","0","0","0","","0","","","compute,cpu"
"idt4gdc_dc3","DC3-R1-37","30","node1181","1","Generic","1U Server","node1181","","","0","0","0","","0","","","compute,cpu"
"idt4gdc_dc3","DC3-R1-37","31","node1182","1","Generic","1U Server","node1182","","","0","0","0","","0","","","compute,cpu"
"idt4gdc_dc3","DC3-R1-37","32","node1183","1","Generic","1U Server","node1183","","","0","0","0","","0","","","compute,cpu"
"idt4gdc_dc3","DC3-R1-38","1","node1184","1","Generic","1U Server","node1184","","","0","0","0","","0","","","compute,cpu"
"idt4gdc_dc3","DC3-R1-38","2","node1185","1","Generic","1U Server","node1185","","","0","0","0","","0","","","compute,cpu"
"idt4gdc_dc3","DC3-R1-38","3","node1186","1","Generic","1U Server","node1186","","","0","0","0","","0","","","compute,cpu"
"idt4gdc_dc3","DC3-R1-38","4","node1187","1","Generic","1U Server","node1187","","","0","0","0","","0","","","compute,cpu"
"idt4gdc_dc3","DC3-R1-38","5","node1188","1","Generic","1U Server","node1188","","","0","0","0","","0","","","compute,cpu"
"idt4gdc_dc3","DC3-R1-38","6","node1189","1","Generic","1U Server","node1189","","","0","0","0","","0","","","compute,cpu"
"idt4gdc_dc3","DC3-R1-38","7","node1190","1","Generic","1U Server","node1190","","","0","0","0","","0","","","compute,cpu"
"idt4gdc_dc3","DC3-R1-38","8","node1191","1","Generic","1U Server","node1191","","","0","0","0","","0","","","compute,cpu"
"idt4gdc_dc3","DC3-R1-38","9","node1192","1","Generic","1U Server","node1192","","","0","0","0","","0","","","compute,cpu"
"idt4gdc_dc3","DC3-R1-38","10","node1193","1","Generic","1U Server","node1193","","","0","0","0","","0","","","compute,cpu"
"idt4gdc_dc3","DC3-R1-38","11","node1194","1","Generic","1U Server","node1194","","","0","0","0","","0","","","compute,cpu"
"idt4gdc_dc3","DC3-R1-38","12","node1195","1","Generic","1U Server","node1195","","","0","0","0","","0","","","compute,cpu"
"idt4gdc_dc3","DC3-R1-38","13","node1196","1","Generic","1U Server","node1196","","","0","0","0","","0","","","compute,cpu"
"idt4gdc_dc3","DC3-R1-38","14","node1197","1","Generic","1U Server","node1197","","","0","0","0","","0","","","compute,cpu"
"idt4gdc_dc3","DC3-R1-38","15","node1198","1","Generic","1U Server","node1198","","","0","0","0","","0","","","compute,cpu"
"idt4gdc_dc3","DC3-R1-38","16","node1199","1","Generic","1U Server","node1199","","","0","0","0","","0","","","compute,cpu"
"idt4gdc_dc3","DC3-R1-38","17","node1200","1","Generic","1U Server","node1200","","","0","0","0","","0","","","compute,cpu"
"idt4gdc_dc3","DC3-R1-38","18","node1201","1","Generic","1U Server","node1201","","","0","0","0","","0","","","compute,cpu"
"idt4gdc_dc3","DC3-R1-38","19","node1202","1","Generic","1U Server","node1202","","","0","0","0","","0","","","compute,cpu"
"idt4gdc_dc3","DC3-R1-38","20","node1203","1","Generic","1U Server","node1203","","","0","0","0","","0","","","compute,cpu"
"idt4gdc_dc3","DC3-R1-38","21","node1204","1","Generic","1U Server","node1204","","","0","0","0","","0","","","compute,cpu"
"idt4gdc_dc3","DC3-R1-38","22","node1205","1","Generic","1U Server","node1205","","","0","0","0","","0","","","compute,cpu"
"idt4gdc_dc3","DC3-R1-38","23","node1206","1","Generic","1U Server","node1206","","","0","0","0","","0","","","compute,cpu"
"idt4gdc_dc3","DC3-R1-38","24","node1207","1","Generic","1U Server","node1207","","","0","0","0","","0","","","compute,cpu"
"idt4gdc_dc3","DC3-R1-38","25","node1208","1","Generic","1U Server","node1208","","","0","0","0","","0","","","compute,cpu"
"idt4gdc_dc3","DC3-R1-38","26","node1209","1","Generic","1U Server","node1209","","","0","0","0","","0","","","compute,cpu"
"idt4gdc_dc3","DC3-R1-38","27","node1210","1","Generic","1U Server","node1210","","","0","0","0","","0","","","compute,cpu"
"idt4gdc_dc3","DC3-R1-38","28","node1211","1","Generic","1U Server","node1211","","","0","0","0","","0","","","compute,cpu"
"idt4gdc_dc3","DC3-R1-38","29","node1212","1","Generic","1U Server","node1212","","","0","0","0","","0","","","compute,cpu"
"idt4gdc_dc3","DC3-R1-38","30","node1213","1","Generic","1U Server","node1213","","","0","0","0","","0","","","compute,cpu"
"idt4gdc_dc3","DC3-R1-38","31","node1214","1","Generic","1U Server","node1214","","","0","0","0","","0","","","compute,cpu"
"idt4gdc_dc3","DC3-R1-38","32","node1215","1","Generic","1U Server","node1215","","","0","0","0","","0","","","compute,cpu"
"idt4gdc_dc3","DC3-R1-39","1","node1216","1","Generic","1U Server","node1216","","","0","0","0","","0","","","compute,cpu"
"idt4gdc_dc3","DC3-R1-39","2","node1217","1","Generic","1U Server","node1217","","","0","0","0","","0","","","compute,cpu"
"idt4gdc_dc3","DC3-R1-39","3","node1218","1","Generic","1U Server","node1218","","","0","0","0","","0","","","compute,cpu"
"idt4gdc_dc3","DC3-R1-39","4","node1219","1","Generic","1U Server","node1219","","","0","0","0","","0","","","compute,cpu"
"idt4gdc_dc3","DC3-R1-39","5","node1220","1","Generic","1U Server","node1220","","","0","0","0","","0","","","compute,cpu"
"idt4gdc_dc3","DC3-R1-39","6","node1221","1","Generic","1U Server","node1221","","","0","0","0","","0","","","compute,cpu"
"idt4gdc_dc3","DC3-R1-39","7","node1222","1","Generic","1U Server","node1222","","","0","0","0","","0","","","compute,cpu"
"idt4gdc_dc3","DC3-R1-39","8","node1223","1","Generic","1U Server","node1223","","","0","0","0","","0","","","compute,cpu"
"idt4gdc_dc3","DC3-R1-39","9","node1224","1","Generic","1U Server","node1224","","","0","0","0","","0","","","compute,cpu"
"idt4gdc_dc3","DC3-R1-39","10","node1225","1","Generic","1U Server","node1225","","","0","0","0","","0","","","compute,cpu"
"idt4gdc_dc3","DC3-R1-39","11","node1226","1","Generic","1U Server","node1226","","","0","0","0","","0","","","compute,cpu"
"idt4gdc_dc3","DC3-R1-39","12","node1227","1","Generic","1U Server","node1227","","","0","0","0","","0","","","compute,cpu"
"idt4gdc_dc3","DC3-R1-39","13","node1228","1","Generic","1U Server","node1228","","","0","0","0","","0","","","compute,cpu"
"idt4gdc_dc3","DC3-R1-39","14","node1229","1","Generic","1U Server","node1229","","","0","0","0","","0","","","compute,cpu"
"idt4gdc_dc3","DC3-R1-39","15","node1230","1","Generic","1U Server","node1230","","","0","0","0","","0","","","compute,cpu"
"idt4gdc_dc3","DC3-R1-39","16","node1231","1","Generic","1U Server","node1231","","","0","0","0","","0","","","compute,cpu"
"idt4gdc_dc3","DC3-R1-39","17","node1232","1","Generic","1U Server","node1232","","","0","0","0","","0","","","compute,cpu"
"idt4gdc_dc3","DC3-R1-39","18","node1233","1","Generic","1U Server","node1233","","","0","0","0","","0","","","compute,cpu"
"idt4gdc_dc3","DC3-R1-39","19","node1234","1","Generic","1U Server","node1234","","","0","0","0","","0","","","compute,cpu"
"idt4gdc_dc3","DC3-R1-39","20","node1235","1","Generic","1U Server","node1235","","","0","0","0","","0","","","compute,cpu"
"idt4gdc_dc3","DC3-R1-39","21","node1236","1","Generic","1U Server","node1236","","","0","0","0","","0","","","compute,cpu"
"idt4gdc_dc3","DC3-R1-39","22","node1237","1","Generic","1U Server","node1237","","","0","0","0","","0","","","compute,cpu"
"idt4gdc_dc3","DC3-R1-39","23","node1238","1","Generic","1U Server","node1238","","","0","0","0","","0","","","compute,cpu"
"idt4gdc_dc3","DC3-R1-39","24","node1239","1","Generic","1U Server","node1239","","","0","0","0","","0","","","compute,cpu"
"idt4gdc_dc3","DC3-R1-39","25","node1240","1","Generic","1U Server","node1240","","","0","0","0","","0","","","compute,cpu"
"idt4gdc_dc3","DC3-R1-39","26","node1241","1","Generic","1U Server","node1241","","","0","0","0","","0","","","compute,cpu"
"idt4gdc_dc3","DC3-R1-39","27","node1242","1","Generic","1U Server","node1242","","","0","0","0","","0","","","compute,cpu"
"idt4gdc_dc3","DC3-R1-39","28","node1243","1","Generic","1U Server","node1243","","","0","0","0","","0","","","compute,cpu"
"idt4gdc_dc3","DC3-R1-39","29","node1244","1","Generic","1U Server","node1244","","","0","0","0","","0","","","compute,cpu"
"idt4gdc_dc3","DC3-R1-39","30","node1245","1","Generic","1U Server","node1245","","","0","0","0","","0","","","compute,cpu"
"idt4gdc_dc3","DC3-R1-39","31","node1246","1","Generic","1U Server","node1246","","","0","0","0","","0","","","compute,cpu"
"idt4gdc_dc3","DC3-R1-39","32","node1247","1","Generic","1U Server","node1247","","","0","0","0","","0","","","compute,cpu"
"idt4gdc_dc3","DC3-R1-40","1","node1248","1","Generic","1U Server","node1248","","","0","0","0","","0","","","compute,cpu"
"idt4gdc_dc3","DC3-R1-40","2","node1249","1","Generic","1U Server","node1249","","","0","0","0","","0","","","compute,cpu"
"idt4gdc_dc3","DC3-R1-40","3","node1250","1","Generic","1U Server","node1250","","","0","0","0","","0","","","compute,cpu"
"idt4gdc_dc3","DC3-R1-40","4","node1251","1","Generic","1U Server","node1251","","","0","0","0","","0","","","compute,cpu"
"idt4gdc_dc3","DC3-R1-40","5","node1252","1","Generic","1U Server","node1252","","","0","0","0","","0","","","compute,cpu"
"idt4gdc_dc3","DC3-R1-40","6","node1253","1","Generic","1U Server","node1253","","","0","0","0","","0","","","compute,cpu"
"idt4gdc_dc3","DC3-R1-40","7","node1254","1","Generic","1U Server","node1254","","","0","0","0","","0","","","compute,cpu"
"idt4gdc_dc3","DC3-R1-40","8","node1255","1","Generic","1U Server","node1255","","","0","0","0","","0","","","compute,cpu"
"idt4gdc_dc3","DC3-R1-40","9","node1256","1","Generic","1U Server","node1256","","","0","0","0","","0","","","compute,cpu"
"idt4gdc_dc3","DC3-R1-40","10","node1257","1","Generic","1U Server","node1257","","","0","0","0","","0","","","compute,cpu"
"idt4gdc_dc3","DC3-R1-40","11","node1258","1","Generic","1U Server","node1258","","","0","0","0","","0","","","compute,cpu"
"idt4gdc_dc3","DC3-R1-40","12","node1259","1","Generic","1U Server","node1259","","","0","0","0","","0","","","compute,cpu"
"idt4gdc_dc3","DC3-R1-40","13","node1260","1","Generic","1U Server","node1260","","","0","0","0","","0","","","compute,cpu"
"idt4gdc_dc3","DC3-R1-40","14","node1261","1","Generic","1U Server","node1261","","","0","0","0","","0","","","compute,cpu"
"idt4gdc_dc3","DC3-R1-40","15","node1262","1","Generic","1U Server","node1262","","","0","0","0","","0","","","compute,cpu"
"idt4gdc_dc3","DC3-R1-40","16","node1263","1","Generic","1U Server","node1263","","","0","0","0","","0","","","compute,cpu"
"idt4gdc_dc3","DC3-R1-40","17","node1264","1","Generic","1U Server","node1264","","","0","0","0","","0","","","compute,cpu"
"idt4gdc_dc3","DC3-R1-40","18","node1265","1","Generic","1U Server","node1265","","","0","0","0","","0","","","compute,cpu"
"idt4gdc_dc3","DC3-R1-40","19","node1266","1","Generic","1U Server","node1266","","","0","0","0","","0","","","compute,cpu"
"idt4gdc_dc3","DC3-R1-40","20","node1267","1","Generic","1U Server","node1267","","","0","0","0","","0","","","compute,cpu"
"idt4gdc_dc3","DC3-R1-40","21","node1268","1","Generic","1U Server","node1268","","","0","0","0","","0","","","compute,cpu"
"idt4gdc_dc3","DC3-R1-40","22","node1269","1","Generic","1U Server","node1269","","","0","0","0","","0","","","compute,cpu"
"idt4gdc_dc3","DC3-R1-40","23","node1270","1","Generic","1U Server","node1270","","","0","0","0","","0","","","compute,cpu"
"idt4gdc_dc3","DC3-R1-40","24","node1271","1","Generic","1U Server","node1271","","","0","0","0","","0","","","compute,cpu"
"idt4gdc_dc3","DC3-R1-40","25","node1272","1","Generic","1U Server","node1272","","","0","0","0","","0","","","compute,cpu"
"idt4gdc_dc3","DC3-R1-40","26","node1273","1","Generic","1U Server","node1273","","","0","0","0","","0","","","compute,cpu"
"idt4gdc_dc3","DC3-R1-40","27","node1274","1","Generic","1U Server","node1274","","","0","0","0","","0","","","compute,cpu"
"idt4gdc_dc3","DC3-R1-40","28","node1275","1","Generic","1U Server","node1275","","","0","0","0","","0","","","compute,cpu"
"idt4gdc_dc3","DC3-R1-40","29","node1276","1","Generic","1U Server","node1276","","","0","0","0","","0","","","compute,cpu"
"idt4gdc_dc3","DC3-R1-40","30","node1277","1","Generic","1U Server","node1277","","","0","0","0","","0","","","compute,cpu"
"idt4gdc_dc3","DC3-R1-40","31","node1278","1","Generic","1U Server","node1278","","","0","0","0","","0","","","compute,cpu"
"idt4gdc_dc3","DC3-R1-40","32","node1279","1","Generic","1U Server","node1279","","","0","0","0","","0","","","compute,cpu"
"idt4gdc_dc3","DC3-R1-41","1","node1280","1","Generic","1U Server","node1280","","","0","0","0","","0","","","compute,cpu"
"idt4gdc_dc3","DC3-R1-41","2","node1281","1","Generic","1U Server","node1281","","","0","0","0","","0","","","compute,cpu"
"idt4gdc_dc3","DC3-R1-41","3","node1282","1","Generic","1U Server","node1282","","","0","0","0","","0","","","compute,cpu"
"idt4gdc_dc3","DC3-R1-41","4","node1283","1","Generic","1U Server","node1283","","","0","0","0","","0","","","compute,cpu"
"idt4gdc_dc3","DC3-R1-41","5","node1284","1","Generic","1U Server","node1284","","","0","0","0","","0","","","compute,cpu"
"idt4gdc_dc3","DC3-R1-41","6","node1285","1","Generic","1U Server","node1285","","","0","0","0","","0","","","compute,cpu"
"idt4gdc_dc3","DC3-R1-41","7","node1286","1","Generic","1U Server","node1286","","","0","0","0","","0","","","compute,cpu"
"idt4gdc_dc3","DC3-R1-41","8","node1287","1","Generic","1U Server","node1287","","","0","0","0","","0","","","compute,cpu"
"idt4gdc_dc3","DC3-R1-41","9","node1288","1","Generic","1U Server","node1288","","","0","0","0","","0","","","compute,cpu"
"idt4gdc_dc3","DC3-R1-41","10","node1289","1","Generic","1U Server","node1289","","","0","0","0","","0","","","compute,cpu"
"idt4gdc_dc3","DC3-R1-41","11","node1290","1","Generic","1U Server","node1290","","","0","0","0","","0","","","compute,cpu"
"idt4gdc_dc3","DC3-R1-41","12","node1291","1","Generic","1U Server","node1291","","","0","0","0","","0","","","compute,cpu"
"idt4gdc_dc3","DC3-R1-41","13","node1292","1","Generic","1U Server","node1292","","","0","0","0","","0","","","compute,cpu"
"idt4gdc_dc3","DC3-R1-41","14","node1293","1","Generic","1U Server","node1293","","","0","0","0","","0","","","compute,cpu"
"idt4gdc_dc3","DC3-R1-41","15","node1294","1","Generic","1U Server","node1294","","","0","0","0","","0","","","compute,cpu"
"idt4gdc_dc3","DC3-R1-41","16","node1295","1","Generic","1U Server","node1295","","","0","0","0","","0","","","compute,cpu"
"idt4gdc_dc3","DC3-R1-41","17","node1296","1","Generic","1U Server","node1296","","","0","0","0","","0","","","compute,cpu"
"idt4gdc_dc3","DC3-R1-41","18","node1297","1","Generic","1U Server","node1297","","","0","0","0","","0","","","compute,cpu"
"idt4gdc_dc3","DC3-R1-41","19","node1298","1","Generic","1U Server","node1298","","","0","0","0","","0","","","compute,cpu"
"idt4gdc_dc3","DC3-R1-41","20","node1299","1","Generic","1U Server","node1299","","","0","0","0","","0","","","compute,cpu"
"idt4gdc_dc3","DC3-R1-41","21","node1300","1","Generic","1U Server","node1300","","","0","0","0","","0","","","compute,cpu"
"idt4gdc_dc3","DC3-R1-41","22","node1301","1","Generic","1U Server","node1301","","","0","0","0","","0","","","compute,cpu"
"idt4gdc_dc3","DC3-R1-41","23","node1302","1","Generic","1U Server","node1302","","","0","0","0","","0","","","compute,cpu"
"idt4gdc_dc3","DC3-R1-41","24","node1303","1","Generic","1U Server","node1303","","","0","0","0","","0","","","compute,cpu"
"idt4gdc_dc3","DC3-R1-41","25","node1304","1","Generic","1U Server","node1304","","","0","0","0","","0","","","compute,cpu"
"idt4gdc_dc3","DC3-R1-41","26","node1305","1","Generic","1U Server","node1305","","","0","0","0","","0","","","compute,cpu"
"idt4gdc_dc3","DC3-R1-41","27","node1306","1","Generic","1U Server","node1306","","","0","0","0","","0","","","compute,cpu"
"idt4gdc_dc3","DC3-R1-41","28","node1307","1","Generic","1U Server","node1307","","","0","0","0","","0","","","compute,cpu"
"idt4gdc_dc3","DC3-R1-41","29","node1308","1","Generic","1U Server","node1308","","","0","0","0","","0","","","compute,cpu"
"idt4gdc_dc3","DC3-R1-41","30","node1309","1","Generic","1U Server","node1309","","","0","0","0","","0","","","compute,cpu"
"idt4gdc_dc3","DC3-R1-41","31","node1310","1","Generic","1U Server","node1310","","","0","0","0","","0","","","compute,cpu"
"idt4gdc_dc3","DC3-R1-41","32","node1311","1","Generic","1U Server","node1311","","","0","0","0","","0","","","compute,cpu"
"idt4gdc_dc3","DC3-R1-42","1","node1312","1","Generic","1U Server","node1312","","","0","0","0","","0","","","compute,cpu"
"idt4gdc_dc3","DC3-R1-42","2","node1313","1","Generic","1U Server","node1313","","","0","0","0","","0","","","compute,cpu"
"idt4gdc_dc3","DC3-R1-42","3","node1314","1","Generic","1U Server","node1314","","","0","0","0","","0","","","compute,cpu"
"idt4gdc_dc3","DC3-R1-42","4","node1315","1","Generic","1U Server","node1315","","","0","0","0","","0","","","compute,cpu"
"idt4gdc_dc3","DC3-R1-42","5","node1316","1","Generic","1U Server","node1316","","","0","0","0","","0","","","compute,cpu"
"idt4gdc_dc3","DC3-R1-42","6","node1317","1","Generic","1U Server","node1317","","","0","0","0","","0","","","compute,cpu"
"idt4gdc_dc3","DC3-R1-42","7","node1318","1","Generic","1U Server","node1318","","","0","0","0","","0","","","compute,cpu"
"idt4gdc_dc3","DC3-R1-42","8","node1319","1","Generic","1U Server","node1319","","","0","0","0","","0","","","compute,cpu"
"idt4gdc_dc3","DC3-R1-42","9","node1320","1","Generic","1U Server","node1320","","","0","0","0","","0","","","compute,cpu"
"idt4gdc_dc3","DC3-R1-42","10","node1321","1","Generic","1U Server","node1321","","","0","0","0","","0","","","compute,cpu"
"idt4gdc_dc3","DC3-R1-42","11","node1322","1","Generic","1U Server","node1322","","","0","0","0","","0","","","compute,cpu"
"idt4gdc_dc3","DC3-R1-42","12","node1323","1","Generic","1U Server","node1323","","","0","0","0","","0","","","compute,cpu"
"idt4gdc_dc3","DC3-R1-42","13","node1324","1","Generic","1U Server","node1324","","","0","0","0","","0","","","compute,cpu"
"idt4gdc_dc3","DC3-R1-42","14","node1325","1","Generic","1U Server","node1325","","","0","0","0","","0","","","compute,cpu"
"idt4gdc_dc3","DC3-R1-42","15","node1326","1","Generic","1U Server","node1326","","","0","0","0","","0","","","compute,cpu"
"idt4gdc_dc3","DC3-R1-42","16","node1327","1","Generic","1U Server","node1327","","","0","0","0","","0","","","compute,cpu"
"idt4gdc_dc3","DC3-R1-42","17","node1328","1","Generic","1U Server","node1328","","","0","0","0","","0","","","compute,cpu"
"idt4gdc_dc3","DC3-R1-42","18","node1329","1","Generic","1U Server","node1329","","","0","0","0","","0","","","compute,cpu"
"idt4gdc_dc3","DC3-R1-42","19","node1330","1","Generic","1U Server","node1330","","","0","0","0","","0","","","compute,cpu"
"idt4gdc_dc3","DC3-R1-42","20","node1331","1","Generic","1U Server","node1331","","","0","0","0","","0","","","compute,cpu"
"idt4gdc_dc3","DC3-R1-42","21","node1332","1","Generic","1U Server","node1332","","","0","0","0","","0","","","compute,cpu"
"idt4gdc_dc3","DC3-R1-42","22","node1333","1","Generic","1U Server","node1333","","","0","0","0","","0","","","compute,cpu"
"idt4gdc_dc3","DC3-R1-42","23","node1334","1","Generic","1U Server","node1334","","","0","0","0","","0","","","compute,cpu"
"idt4gdc_dc3","DC3-R1-42","24","node1335","1","Generic","1U Server","node1335","","","0","0","0","","0","","","compute,cpu"
"idt4gdc_dc3","DC3-R1-42","25","node1336","1","Generic","1U Server","node1336","","","0","0","0","","0","","","compute,cpu"
"idt4gdc_dc3","DC3-R1-42","26","node1337","1","Generic","1U Server","node1337","","","0","0","0","","0","","","compute,cpu"
"idt4gdc_dc3","DC3-R1-42","27","node1338","1","Generic","1U Server","node1338","","","0","0","0","","0","","","compute,cpu"
"idt4gdc_dc3","DC3-R1-42","28","node1339","1","Generic","1U Server","node1339","","","0","0","0","","0","","","compute,cpu"
"idt4gdc_dc3","DC3-R1-42","29","node1340","1","Generic","1U Server","node1340","","","0","0","0","","0","","","compute,cpu"
"idt4gdc_dc3","DC3-R1-42","30","node1341","1","Generic","1U Server","node1341","","","0","0","0","","0","","","compute,cpu"
"idt4gdc_dc3","DC3-R1-42","31","node1342","1","Generic","1U Server","node1342","","","0","0","0","","0","","","compute,cpu"
"idt4gdc_dc3","DC3-R1-42","32","node1343","1","Generic","1U Server","node1343","","","0","0","0","","0","","","compute,cpu"
"idt4gdc_dc3","DC3-R1-43","1","node1344","1","Generic","1U Server","node1344","","","0","0","0","","0","","","compute,gpu"
"idt4gdc_dc3","DC3-R1-43","2","node1345","1","Generic","1U Server","node1345","","","0","0","0","","0","","","compute,gpu"
"idt4gdc_dc3","DC3-R1-43","3","node1346","1","Generic","1U Server","node1346","","","0","0","0","","0","","","compute,gpu"
"idt4gdc_dc3","DC3-R1-43","4","node1347","1","Generic","1U Server","node1347","","","0","0","0","","0","","","compute,gpu"
"idt4gdc_dc3","DC3-R1-43","5","node1348","1","Generic","1U Server","node1348","","","0","0","0","","0","","","compute,gpu"
"idt4gdc_dc3","DC3-R1-43","6","node1349","1","Generic","1U Server","node1349","","","0","0","0","","0","","","compute,gpu"
"idt4gdc_dc3","DC3-R1-43","7","node1350","1","Generic","1U Server","node1350","","","0","0","0","","0","","","compute,gpu"
"idt4gdc_dc3","DC3-R1-43","8","node1351","1","Generic","1U Server","node1351","","","0","0","0","","0","","","compute,gpu"
"idt4gdc_dc3","DC3-R1-43","9","node1352","1","Generic","1U Server","node1352","","","0","0","0","","0","","","compute,gpu"
"idt4gdc_dc3","DC3-R1-43","10","node1353","1","Generic","1U Server","node1353","","","0","0","0","","0","","","compute,gpu"
"idt4gdc_dc3","DC3-R1-43","11","node1354","1","Generic","1U Server","node1354","","","0","0","0","","0","","","compute,gpu"
"idt4gdc_dc3","DC3-R1-43","12","node1355","1","Generic","1U Server","node1355","","","0","0","0","","0","","","compute,gpu"
"idt4gdc_dc3","DC3-R1-43","13","node1356","1","Generic","1U Server","node1356","","","0","0","0","","0","","","compute,gpu"
"idt4gdc_dc3","DC3-R1-43","14","node1357","1","Generic","1U Server","node1357","","","0","0","0","","0","","","compute,gpu"
"idt4gdc_dc3","DC3-R1-43","15","node1358","1","Generic","1U Server","node1358","","","0","0","0","","0","","","compute,gpu"
"idt4gdc_dc3","DC3-R1-43","16","node1359","1","Generic","1U Server","node1359","","","0","0","0","","0","","","compute,gpu"
"idt4gdc_dc3","DC3-R1-43","17","node1360","1","Generic","1U Server","node1360","","","0","0","0","","0","","","compute,gpu"
"idt4gdc_dc3","DC3-R1-43","18","node1361","1","Generic","1U Server","node1361","","","0","0","0","","0","","","compute,gpu"
"idt4gdc_dc3","DC3-R1-43","19","node1362","1","Generic","1U Server","node1362","","","0","0","0","","0","","","compute,gpu"
"idt4gdc_dc3","DC3-R1-43","20","node1363","1","Generic","1U Server","node1363","","","0","0","0","","0","","","compute,gpu"
"idt4gdc_dc3","DC3-R1-43","21","node1364","1","Generic","1U Server","node1364","","","0","0","0","","0","","","compute,gpu"
"idt4gdc_dc3","DC3-R1-43","22","node1365","1","Generic","1U Server","node1365","","","0","0","0","","0","","","compute,gpu"
"idt4gdc_dc3","DC3-R1-43","23","node1366","1","Generic","1U Server","node1366","","","0","0","0","","0","","","compute,gpu"
"idt4gdc_dc3","DC3-R1-43","24","node1367","1","Generic","1U Server","node1367","","","0","0","0","","0","","","compute,gpu"
"idt4gdc_dc3","DC3-R1-43","25","node1368","1","Generic","1U Server","node1368","","","0","0","0","","0","","","compute,gpu"
"idt4gdc_dc3","DC3-R1-43","26","node1369","1","Generic","1U Server","node1369","","","0","0","0","","0","","","compute,gpu"
"idt4gdc_dc3","DC3-R1-43","27","node1370","1","Generic","1U Server","node1370","","","0","0","0","","0","","","compute,gpu"
"idt4gdc_dc3","DC3-R1-43","28","node1371","1","Generic","1U Server","node1371","","","0","0","0","","0","","","compute,gpu"
"idt4gdc_dc3","DC3-R1-43","29","node1372","1","Generic","1U Server","node1372","","","0","0","0","","0","","","compute,gpu"
"idt4gdc_dc3","DC3-R1-43","30","node1373","1","Generic","1U Server","node1373","","","0","0","0","","0","","","compute,gpu"
"idt4gdc_dc3","DC3-R1-43","31","node1374","1","Generic","1U Server","node1374","","","0","0","0","","0","","","compute,gpu"
"idt4gdc_dc3","DC3-R1-43","32","node1375","1","Generic","1U Server","node1375","","","0","0","0","","0","","","compute,gpu"
"idt4gdc_dc3","DC3-R1-44","1","node1376","1","Generic","1U Server","node1376","","","0","0","0","","0","","","compute,gpu"
"idt4gdc_dc3","DC3-R1-44","2","node1377","1","Generic","1U Server","node1377","","","0","0","0","","0","","","compute,gpu"
"idt4gdc_dc3","DC3-R1-44","3","node1378","1","Generic","1U Server","node1378","","","0","0","0","","0","","","compute,gpu"
"idt4gdc_dc3","DC3-R1-44","4","node1379","1","Generic","1U Server","node1379","","","0","0","0","","0","","","compute,gpu"
"idt4gdc_dc3","DC3-R1-44","5","node1380","1","Generic","1U Server","node1380","","","0","0","0","","0","","","compute,gpu"
"idt4gdc_dc3","DC3-R1-44","6","node1381","1","Generic","1U Server","node1381","","","0","0","0","","0","","","compute,gpu"
"idt4gdc_dc3","DC3-R1-44","7","node1382","1","Generic","1U Server","node1382","","","0","0","0","","0","","","compute,gpu"
"idt4gdc_dc3","DC3-R1-44","8","node1383","1","Generic","1U Server","node1383","","","0","0","0","","0","","","compute,gpu"
"idt4gdc_dc3","DC3-R1-44","9","node1384","1","Generic","1U Server","node1384","","","0","0","0","","0","","","compute,gpu"
"idt4gdc_dc3","DC3-R1-44","10","node1385","1","Generic","1U Server","node1385","","","0","0","0","","0","","","compute,gpu"
"idt4gdc_dc3","DC3-R1-44","11","node1386","1","Generic","1U Server","node1386","","","0","0","0","","0","","","compute,gpu"
"idt4gdc_dc3","DC3-R1-44","12","node1387","1","Generic","1U Server","node1387","","","0","0","0","","0","","","compute,gpu"
"idt4gdc_dc3","DC3-R1-44","13","node1388","1","Generic","1U Server","node1388","","","0","0","0","","0","","","compute,gpu"
"idt4gdc_dc3","DC3-R1-44","14","node1389","1","Generic","1U Server","node1389","","","0","0","0","","0","","","compute,gpu"
"idt4gdc_dc3","DC3-R1-44","15","node1390","1","Generic","1U Server","node1390","","","0","0","0","","0","","","compute,gpu"
"idt4gdc_dc3","DC3-R1-44","16","node1391","1","Generic","1U Server","node1391","","","0","0","0","","0","","","compute,gpu"
"idt4gdc_dc3","DC3-R1-44","17","node1392","1","Generic","1U Server","node1392","","","0","0","0","","0","","","compute,gpu"
"idt4gdc_dc3","DC3-R1-44","18","node1393","1","Generic","1U Server","node1393","","","0","0","0","","0","","","compute,gpu"
"idt4gdc_dc3","DC3-R1-44","19","node1394","1","Generic","1U Server","node1394","","","0","0","0","","0","","","compute,gpu"
"idt4gdc_dc3","DC3-R1-44","20","node1395","1","Generic","1U Server","node1395","","","0","0","0","","0","","","compute,gpu"
"idt4gdc_dc3","DC3-R1-44","21","node1396","1","Generic","1U Server","node1396","","","0","0","0","","0","","","compute,gpu"
"idt4gdc_dc3","DC3-R1-44","22","node1397","1","Generic","1U Server","node1397","","","0","0","0","","0","","","compute,gpu"
"idt4gdc_dc3","DC3-R1-44","23","node1398","1","Generic","1U Server","node1398","","","0","0","0","","0","","","compute,gpu"
"idt4gdc_dc3","DC3-R1-44","24","node1399","1","Generic","1U Server","node1399","","","0","0","0","","0","","","compute,gpu"
"idt4gdc_dc3","DC3-R1-44","25","node1400","1","Generic","1U Server","node1400","","","0","0","0","","0","","","compute,gpu"
"idt4gdc_dc3","DC3-R1-44","26","node1401","1","Generic","1U Server","node1401","","","0","0","0","","0","","","compute,gpu"
"idt4gdc_dc3","DC3-R1-44","27","node1402","1","Generic","1U Server","node1402","","","0","0","0","","0","","","compute,gpu"
"idt4gdc_dc3","DC3-R1-44","28","node1403","1","Generic","1U Server","node1403","","","0","0","0","","0","","","compute,gpu"
"idt4gdc_dc3","DC3-R1-44","29","node1404","1","Generic","1U Server","node1404","","","0","0","0","","0","","","compute,gpu"
"idt4gdc_dc3","DC3-R1-44","30","node1405","1","Generic","1U Server","node1405","","","0","0","0","","0","","","compute,gpu"
"idt4gdc_dc3","DC3-R1-44","31","node1406","1","Generic","1U Server","node1406","","","0","0","0","","0","","","compute,gpu"
"idt4gdc_dc3","DC3-R1-44","32","node1407","1","Generic","1U Server","node1407","","","0","0","0","","0","","","compute,gpu"
"idt4gdc_dc3","DC3-R1-45","1","node1408","1","Generic","1U Server","node1408","","","0","0","0","","0","","","compute,gpu"
"idt4gdc_dc3","DC3-R1-45","2","node1409","1","Generic","1U Server","node1409","","","0","0","0","","0","","","compute,gpu"
"idt4gdc_dc3","DC3-R1-45","3","node1410","1","Generic","1U Server","node1410","","","0","0","0","","0","","","compute,gpu"
"idt4gdc_dc3","DC3-R1-45","4","node1411","1","Generic","1U Server","node1411","","","0","0","0","","0","","","compute,gpu"
"idt4gdc_dc3","DC3-R1-45","5","node1412","1","Generic","1U Server","node1412","","","0","0","0","","0","","","compute,gpu"
"idt4gdc_dc3","DC3-R1-45","6","node1413","1","Generic","1U Server","node1413","","","0","0","0","","0","","","compute,gpu"
"idt4gdc_dc3","DC3-R1-45","7","node1414","1","Generic","1U Server","node1414","","","0","0","0","","0","","","compute,gpu"
"idt4gdc_dc3","DC3-R1-45","8","node1415","1","Generic","1U Server","node1415","","","0","0","0","","0","","","compute,gpu"
"idt4gdc_dc3","DC3-R1-45","9","node1416","1","Generic","1U Server","node1416","","","0","0","0","","0","","","compute,gpu"
"idt4gdc_dc3","DC3-R1-45","10","node1417","1","Generic","1U Server","node1417","","","0","0","0","","0","","","compute,gpu"
"idt4gdc_dc3","DC3-R1-45","11","node1418","1","Generic","1U Server","node1418","","","0","0","0","","0","","","compute,gpu"
"idt4gdc_dc3","DC3-R1-45","12","node1419","1","Generic","1U Server","node1419","","","0","0","0","","0","","","compute,gpu"
"idt4gdc_dc3","DC3-R1-45","13","node1420","1","Generic","1U Server","node1420","","","0","0","0","","0","","","compute,gpu"
"idt4gdc_dc3","DC3-R1-45","14","node1421","1","Generic","1U Server","node1421","","","0","0","0","","0","","","compute,gpu"
"idt4gdc_dc3","DC3-R1-45","15","node1422","1","Generic","1U Server","node1422","","","0","0","0","","0","","","compute,gpu"
"idt4gdc_dc3","DC3-R1-45","16","node1423","1","Generic","1U Server","node1423","","","0","0","0","","0","","","compute,gpu"
"idt4gdc_dc3","DC3-R1-45","17","node1424","1","Generic","1U Server","node1424","","","0","0","0","","0","","","compute,gpu"
"idt4gdc_dc3","DC3-R1-45","18","node1425","1","Generic","1U Server","node1425","","","0","0","0","","0","","","compute,gpu"
"idt4gdc_dc3","DC3-R1-45","19","node1426","1","Generic","1U Server","node1426","","","0","0","0","","0","","","compute,gpu"
"idt4gdc_dc3","DC3-R1-45","20","node1427","1","Generic","1U Server","node1427","","","0","0","0","","0","","","compute,gpu"
"idt4gdc_dc3","DC3-R1-45","21","node1428","1","Generic","1U Server","node1428","","","0","0","0","","0","","","compute,gpu"
"idt4gdc_dc3","DC3-R1-45","22","node1429","1","Generic","1U Server","node1429","","","0","0","0","","0","","","compute,gpu"
"idt4gdc_dc3","DC3-R1-45","23","node1430","1","Generic","1U Server","node1430","","","0","0","0","","0","","","compute,gpu"
"idt4gdc_dc3","DC3-R1-45","24","node1431","1","Generic","1U Server","node1431","","","0","0","0","","0","","","compute,gpu"
"idt4gdc_dc3","DC3-R1-45","25","node1432","1","Generic","1U Server","node1432","","","0","0","0","","0","","","compute,gpu"
"idt4gdc_dc3","DC3-R1-45","26","node1433","1","Generic","1U Server","node1433","","","0","0","0","","0","","","compute,gpu"
"idt4gdc_dc3","DC3-R1-45","27","node1434","1","Generic","1U Server","node1434","","","0","0","0","","0","","","compute,gpu"
"idt4gdc_dc3","DC3-R1-45","28","node1435","1","Generic","1U Server","node1435","","","0","0","0","","0","","","compute,gpu"
"idt4gdc_dc3","DC3-R1-45","29","node1436","1","Generic","1U Server","node1436","","","0","0","0","","0","","","compute,gpu"
"idt4gdc_dc3","DC3-R1-45","30","node1437","1","Generic","1U Server","node1437","","","0","0","0","","0","","","compute,gpu"
"idt4gdc_dc3","DC3-R1-45","31","node1438","1","Generic","1U Server","node1438","","","0","0","0","","0","","","compute,gpu"
"idt4gdc_dc3","DC3-R1-45","32","node1439","1","Generic","1U Server","node1439","","","0","0","0","","0","","","compute,gpu"
"idt4gdc_dc3","DC3-R1-46","1","node1440","1","Generic","1U Server","node1440","","","0","0","0","","0","","","compute,gpu"
"idt4gdc_dc3","DC3-R1-46","2","node1441","1","Generic","1U Server","node1441","","","0","0","0","","0","","","compute,gpu"
"idt4gdc_dc3","DC3-R1-46","3","node1442","1","Generic","1U Server","node1442","","","0","0","0","","0","","","compute,gpu"
"idt4gdc_dc3","DC3-R1-46","4","node1443","1","Generic","1U Server","node1443","","","0","0","0","","0","","","compute,gpu"
"idt4gdc_dc3","DC3-R1-46","5","node1444","1","Generic","1U Server","node1444","","","0","0","0","","0","","","compute,gpu"
"idt4gdc_dc3","DC3-R1-46","6","node1445","1","Generic","1U Server","node1445","","","0","0","0","","0","","","compute,gpu"
"idt4gdc_dc3","DC3-R1-46","7","node1446","1","Generic","1U Server","node1446","","","0","0","0","","0","","","compute,gpu"
"idt4gdc_dc3","DC3-R1-46","8","node1447","1","Generic","1U Server","node1447","","","0","0","0","","0","","","compute,gpu"
"idt4gdc_dc3","DC3-R1-46","9","node1448","1","Generic","1U Server","node1448","","","0","0","0","","0","","","compute,gpu"
"idt4gdc_dc3","DC3-R1-46","10","node1449","1","Generic","1U Server","node1449","","","0","0","0","","0","","","compute,gpu"
"idt4gdc_dc3","DC3-R1-46","11","node1450","1","Generic","1U Server","node1450","","","0","0","0","","0","","","compute,gpu"
"idt4gdc_dc3","DC3-R1-46","12","node1451","1","Generic","1U Server","node1451","","","0","0","0","","0","","","compute,gpu"
"idt4gdc_dc3","DC3-R1-46","13","node1452","1","Generic","1U Server","node1452","","","0","0","0","","0","","","compute,gpu"
"idt4gdc_dc3","DC3-R1-46","14","node1453","1","Generic","1U Server","node1453","","","0","0","0","","0","","","compute,gpu"
"idt4gdc_dc3","DC3-R1-46","15","node1454","1","Generic","1U Server","node1454","","","0","0","0","","0","","","compute,gpu"
"idt4gdc_dc3","DC3-R1-46","16","node1455","1","Generic","1U Server","node1455","","","0","0","0","","0","","","compute,gpu"
"idt4gdc_dc3","DC3-R1-46","17","node1456","1","Generic","1U Server","node1456","","","0","0","0","","0","","","compute,gpu"
"idt4gdc_dc3","DC3-R1-46","18","node1457","1","Generic","1U Server","node1457","","","0","0","0","","0","","","compute,gpu"
"idt4gdc_dc3","DC3-R1-46","19","node1458","1","Generic","1U Server","node1458","","","0","0","0","","0","","","compute,gpu"
"idt4gdc_dc3","DC3-R1-46","20","node1459","1","Generic","1U Server","node1459","","","0","0","0","","0","","","compute,gpu"
"idt4gdc_dc3","DC3-R1-46","21","node1460","1","Generic","1U Server","node1460","","","0","0","0","","0","","","compute,gpu"
"idt4gdc_dc3","DC3-R1-46","22","node1461","1","Generic","1U Server","node1461","","","0","0","0","","0","","","compute,gpu"
"idt4gdc_dc3","DC3-R1-46","23","node1462","1","Generic","1U Server","node1462","","","0","0","0","","0","","","compute,gpu"
"idt4gdc_dc3","DC3-R1-46","24","node1463","1","Generic","1U Server","node1463","","","0","0","0","","0","","","compute,gpu"
"idt4gdc_dc3","DC3-R1-46","25","node1464","1","Generic","1U Server","node1464","","","0","0","0","","0","","","compute,gpu"
"idt4gdc_dc3","DC3-R1-46","26","node1465","1","Generic","1U Server","node1465","","","0","0","0","","0","","","compute,gpu"
"idt4gdc_dc3","DC3-R1-46","27","node1466","1","Generic","1U Server","node1466","","","0","0","0","","0","","","compute,gpu"
"idt4gdc_dc3","DC3-R1-46","28","node1467","1","Generic","1U Server","node1467","","","0","0","0","","0","","","compute,gpu"
"idt4gdc_dc3","DC3-R1-46","29","node1468","1","Generic","1U Server","node1468","","","0","0","0","","0","","","compute,gpu"
"idt4gdc_dc3","DC3-R1-46","30","node1469","1","Generic","1U Server","node1469","","","0","0","0","","0","","","compute,gpu"
"idt4gdc_dc3","DC3-R1-46","31","node1470","1","Generic","1U Server","node1470","","","0","0","0","","0","","","compute,gpu"
"idt4gdc_dc3","DC3-R1-46","32","node1471","1","Generic","1U Server","node1471","","","0","0","0","","0","","","compute,gpu"
"idt4gdc_dc3","DC3-R1-47","1","node1472","1","Generic","1U Server","node1472","","","0","0","0","","0","","","compute,gpu"
"idt4gdc_dc3","DC3-R1-47","2","node1473","1","Generic","1U Server","node1473","","","0","0","0","","0","","","compute,gpu"
"idt4gdc_dc3","DC3-R1-47","3","node1474","1","Generic","1U Server","node1474","","","0","0","0","","0","","","compute,gpu"
"idt4gdc_dc3","DC3-R1-47","4","node1475","1","Generic","1U Server","node1475","","","0","0","0","","0","","","compute,gpu"
"idt4gdc_dc3","DC3-R1-47","5","node1476","1","Generic","1U Server","node1476","","","0","0","0","","0","","","compute,gpu"
"idt4gdc_dc3","DC3-R1-47","6","node1477","1","Generic","1U Server","node1477","","","0","0","0","","0","","","compute,gpu"
"idt4gdc_dc3","DC3-R1-47","7","node1478","1","Generic","1U Server","node1478","","","0","0","0","","0","","","compute,gpu"
"idt4gdc_dc3","DC3-R1-47","8","node1479","1","Generic","1U Server","node1479","","","0","0","0","","0","","","compute,gpu"
"idt4gdc_dc3","DC3-R1-47","9","node1480","1","Generic","1U Server","node1480","","","0","0","0","","0","","","compute,gpu"
"idt4gdc_dc3","DC3-R1-47","10","node1481","1","Generic","1U Server","node1481","","","0","0","0","","0","","","compute,gpu"
"idt4gdc_dc3","DC3-R1-47","11","node1482","1","Generic","1U Server","node1482","","","0","0","0","","0","","","compute,gpu"
"idt4gdc_dc3","DC3-R1-47","12","node1483","1","Generic","1U Server","node1483","","","0","0","0","","0","","","compute,gpu"
"idt4gdc_dc3","DC3-R1-47","13","node1484","1","Generic","1U Server","node1484","","","0","0","0","","0","","","compute,gpu"
"idt4gdc_dc3","DC3-R1-47","14","node1485","1","Generic","1U Server","node1485","","","0","0","0","","0","","","compute,gpu"
"idt4gdc_dc3","DC3-R1-47","15","node1486","1","Generic","1U Server","node1486","","","0","0","0","","0","","","compute,gpu"
"idt4gdc_dc3","DC3-R1-47","16","node1487","1","Generic","1U Server","node1487","","","0","0","0","","0","","","compute,gpu"
"idt4gdc_dc3","DC3-R1-47","17","node1488","1","Generic","1U Server","node1488","","","0","0","0","","0","","","compute,gpu"
"idt4gdc_dc3","DC3-R1-47","18","node1489","1","Generic","1U Server","node1489","","","0","0","0","","0","","","compute,gpu"
"idt4gdc_dc3","DC3-R1-47","19","node1490","1","Generic","1U Server","node1490","","","0","0","0","","0","","","compute,gpu"
"idt4gdc_dc3","DC3-R1-47","20","node1491","1","Generic","1U Server","node1491","","","0","0","0","","0","","","compute,gpu"
"idt4gdc_dc3","DC3-R1-47","21","node1492","1","Generic","1U Server","node1492","","","0","0","0","","0","","","compute,gpu"
"idt4gdc_dc3","DC3-R1-47","22","node1493","1","Generic","1U Server","node1493","","","0","0","0","","0","","","compute,gpu"
"idt4gdc_dc3","DC3-R1-47","23","node1494","1","Generic","1U Server","node1494","","","0","0","0","","0","","","compute,gpu"
"idt4gdc_dc3","DC3-R1-47","24","node1495","1","Generic","1U Server","node1495","","","0","0","0","","0","","","compute,gpu"
"idt4gdc_dc3","DC3-R1-47","25","node1496","1","Generic","1U Server","node1496","","","0","0","0","","0","","","compute,gpu"
"idt4gdc_dc3","DC3-R1-47","26","node1497","1","Generic","1U Server","node1497","","","0","0","0","","0","","","compute,gpu"
"idt4gdc_dc3","DC3-R1-47","27","node1498","1","Generic","1U Server","node1498","","","0","0","0","","0","","","compute,gpu"
"idt4gdc_dc3","DC3-R1-47","28","node1499","1","Generic","1U Server","node1499","","","0","0","0","","0","","","compute,gpu"
"idt4gdc_dc3","DC3-R1-47","29","node1500","1","Generic","1U Server","node1500","","","0","0","0","","0","","","compute,gpu"
"idt4gdc_dc3","DC3-R1-47","30","node1501","1","Generic","1U Server","node1501","","","0","0","0","","0","","","compute,gpu"
"idt4gdc_dc3","DC3-R1-47","31","node1502","1","Generic","1U Server","node1502","","","0","0","0","","0","","","compute,gpu"
"idt4gdc_dc3","DC3-R1-47","32","node1503","1","Generic","1U Server","node1503","","","0","0","0","","0","","","compute,gpu"
"idt4gdc_dc3","DC3-R1-48","1","node1504","1","Generic","1U Server","node1504","","","0","0","0","","0","","","compute,gpu"
"idt4gdc_dc3","DC3-R1-48","2","node1505","1","Generic","1U Server","node1505","","","0","0","0","","0","","","compute,gpu"
"idt4gdc_dc3","DC3-R1-48","3","node1506","1","Generic","1U Server","node1506","","","0","0","0","","0","","","compute,gpu"
"idt4gdc_dc3","DC3-R1-48","4","node1507","1","Generic","1U Server","node1507","","","0","0","0","","0","","","compute,gpu"
"idt4gdc_dc3","DC3-R1-48","5","node1508","1","Generic","1U Server","node1508","","","0","0","0","","0","","","compute,gpu"
"idt4gdc_dc3","DC3-R1-48","6","node1509","1","Generic","1U Server","node1509","","","0","0","0","","0","","","compute,gpu"
"idt4gdc_dc3","DC3-R1-48","7","node1510","1","Generic","1U Server","node1510","","","0","0","0","","0","","","compute,gpu"
"idt4gdc_dc3","DC3-R1-48","8","node1511","1","Generic","1U Server","node1511","","","0","0","0","","0","","","compute,gpu"
"idt4gdc_dc3","DC3-R1-48","9","node1512","1","Generic","1U Server","node1512","","","0","0","0","","0","","","compute,gpu"
"idt4gdc_dc3","DC3-R1-48","10","node1513","1","Generic","1U Server","node1513","","","0","0","0","","0","","","compute,gpu"
"idt4gdc_dc3","DC3-R1-48","11","node1514","1","Generic","1U Server","node1514","","","0","0","0","","0","","","compute,gpu"
"idt4gdc_dc3","DC3-R1-48","12","node1515","1","Generic","1U Server","node1515","","","0","0","0","","0","","","compute,gpu"
"idt4gdc_dc3","DC3-R1-48","13","node1516","1","Generic","1U Server","node1516","","","0","0","0","","0","","","compute,gpu"
"idt4gdc_dc3","DC3-R1-48","14","node1517","1","Generic","1U Server","node1517","","","0","0","0","","0","","","compute,gpu"
"idt4gdc_dc3","DC3-R1-48","15","node1518","1","Generic","1U Server","node1518","","","0","0","0","","0","","","compute,gpu"
"idt4gdc_dc3","DC3-R1-48","16","node1519","1","Generic","1U Server","node1519","","","0","0","0","","0","","","compute,gpu"
"idt4gdc_dc3","DC3-R1-48","17","node1520","1","Generic","1U Server","node1520","","","0","0","0","","0","","","compute,gpu"
"idt4gdc_dc3","DC3-R1-48","18","node1521","1","Generic","1U Server","node1521","","","0","0","0","","0","","","compute,gpu"
"idt4gdc_dc3","DC3-R1-48","19","node1522","1","Generic","1U Server","node1522","","","0","0","0","","0","","","compute,gpu"
"idt4gdc_dc3","DC3-R1-48","20","node1523","1","Generic","1U Server","node1523","","","0","0","0","","0","","","compute,gpu"
"idt4gdc_dc3","DC3-R1-48","21","node1524","1","Generic","1U Server","node1524","","","0","0","0","","0","","","compute,gpu"
"idt4gdc_dc3","DC3-R1-48","22","node1525","1","Generic","1U Server","node1525","","","0","0","0","","0","","","compute,gpu"
"idt4gdc_dc3","DC3-R1-48","23","node1526","1","Generic","1U Server","node1526","","","0","0","0","","0","","","compute,gpu"
"idt4gdc_dc3","DC3-R1-48","24","node1527","1","Generic","1U Server","node1527","","","0","0","0","","0","","","compute,gpu"
"idt4gdc_dc3","DC3-R1-48","25","node1528","1","Generic","1U Server","node1528","","","0","0","0","","0","","","compute,gpu"
"idt4gdc_dc3","DC3-R1-48","26","node1529","1","Generic","1U Server","node1529","","","0","0","0","","0","","","compute,gpu"
"idt4gdc_dc3","DC3-R1-48","27","node1530","1","Generic","1U Server","node1530","","","0","0","0","","0","","","compute,gpu"
"idt4gdc_dc3","DC3-R1-48","28","node1531","1","Generic","1U Server","node1531","","","0","0","0","","0","","","compute,gpu"
"idt4gdc_dc3","DC3-R1-48","29","node1532","1","Generic","1U Server","node1532","","","0","0","0","","0","","","compute,gpu"
"idt4gdc_dc3","DC3-R1-48","30","node1533","1","Generic","1U Server","node1533","","","0","0","0","","0","","","compute,gpu"
"idt4gdc_dc3","DC3-R1-48","31","node1534","1","Generic","1U Server","node1534","","","0","0","0","","0","","","compute,gpu"
"idt4gdc_dc3","DC3-R1-48","32","node1535","1","Generic","1U Server","node1535","","","0","0","0","","0","","","compute,gpu"
"idt4gdc_dc3","DC3-R1-49","1","node1536","1","Generic","1U Server","node1536","","","0","0","0","","0","","","compute,gpu"
"idt4gdc_dc3","DC3-R1-49","2","node1537","1","Generic","1U Server","node1537","","","0","0","0","","0","","","compute,gpu"
"idt4gdc_dc3","DC3-R1-49","3","node1538","1","Generic","1U Server","node1538","","","0","0","0","","0","","","compute,gpu"
"idt4gdc_dc3","DC3-R1-49","4","node1539","1","Generic","1U Server","node1539","","","0","0","0","","0","","","compute,gpu"
"idt4gdc_dc3","DC3-R1-49","5","node1540","1","Generic","1U Server","node1540","","","0","0","0","","0","","","compute,gpu"
"idt4gdc_dc3","DC3-R1-49","6","node1541","1","Generic","1U Server","node1541","","","0","0","0","","0","","","compute,gpu"
"idt4gdc_dc3","DC3-R1-49","7","node1542","1","Generic","1U Server","node1542","","","0","0","0","","0","","","compute,gpu"
"idt4gdc_dc3","DC3-R1-49","8","node1543","1","Generic","1U Server","node1543","","","0","0","0","","0","","","compute,gpu"
"idt4gdc_dc3","DC3-R1-49","9","node1544","1","Generic","1U Server","node1544","","","0","0","0","","0","","","compute,gpu"
"idt4gdc_dc3","DC3-R1-49","10","node1545","1","Generic","1U Server","node1545","","","0","0","0","","0","","","compute,gpu"
"idt4gdc_dc3","DC3-R1-49","11","node1546","1","Generic","1U Server","node1546","","","0","0","0","","0","","","compute,gpu"
"idt4gdc_dc3","DC3-R1-49","12","node1547","1","Generic","1U Server","node1547","","","0","0","0","","0","","","compute,gpu"
"idt4gdc_dc3","DC3-R1-49","13","node1548","1","Generic","1U Server","node1548","","","0","0","0","","0","","","compute,gpu"
"idt4gdc_dc3","DC3-R1-49","14","node1549","1","Generic","1U Server","node1549","","","0","0","0","","0","","","compute,gpu"
"idt4gdc_dc3","DC3-R1-49","15","node1550","1","Generic","1U Server","node1550","","","0","0","0","","0","","","compute,gpu"
"idt4gdc_dc3","DC3-R1-49","16","node1551","1","Generic","1U Server","node1551","","","0","0","0","","0","","","compute,gpu"
"idt4gdc_dc3","DC3-R1-49","17","node1552","1","Generic","1U Server","node1552","","","0","0","0","","0","","","compute,gpu"
"idt4gdc_dc3","DC3-R1-49","18","node1553","1","Generic","1U Server","node1553","","","0","0","0","","0","","","compute,gpu"
"idt4gdc_dc3","DC3-R1-49","19","node1554","1","Generic","1U Server","node1554","","","0","0","0","","0","","","compute,gpu"
"idt4gdc_dc3","DC3-R1-49","20","node1555","1","Generic","1U Server","node1555","","","0","0","0","","0","","","compute,gpu"
"idt4gdc_dc3","DC3-R1-49","21","node1556","1","Generic","1U Server","node1556","","","0","0","0","","0","","","compute,gpu"
"idt4gdc_dc3","DC3-R1-49","22","node1557","1","Generic","1U Server","node1557","","","0","0","0","","0","","","compute,gpu"
"idt4gdc_dc3","DC3-R1-49","23","node1558","1","Generic","1U Server","node1558","","","0","0","0","","0","","","compute,gpu"
"idt4gdc_dc3","DC3-R1-49","24","node1559","1","Generic","1U Server","node1559","","","0","0","0","","0","","","compute,gpu"
"idt4gdc_dc3","DC3-R1-49","25","node1560","1","Generic","1U Server","node1560","","","0","0","0","","0","","","compute,gpu"
"idt4gdc_dc3","DC3-R1-49","26","node1561","1","Generic","1U Server","node1561","","","0","0","0","","0","","","compute,gpu"
"idt4gdc_dc3","DC3-R1-49","27","node1562","1","Generic","1U Server","node1562","","","0","0","0","","0","","","compute,gpu"
"idt4gdc_dc3","DC3-R1-49","28","node1563","1","Generic","1U Server","node1563","","","0","0","0","","0","","","compute,gpu"
"idt4gdc_dc3","DC3-R1-49","29","node1564","1","Generic","1U Server","node1564","","","0","0","0","","0","","","compute,gpu"
"idt4gdc_dc3","DC3-R1-49","30","node1565","1","Generic","1U Server","node1565","","","0","0","0","","0","","","compute,gpu"
"idt4gdc_dc3","DC3-R1-49","31","node1566","1","Generic","1U Server","node1566","","","0","0","0","","0","","","compute,gpu"
"idt4gdc_dc3","DC3-R1-49","32","node1567","1","Generic","1U Server","node1567","","","0","0","0","","0","","","compute,gpu"
"idt4gdc_dc3","DC3-R1-50","1","node1568","1","Generic","1U Server","node1568","","","0","0","0","","0","","","compute,gpu"
"idt4gdc_dc3","DC3-R1-50","2","node1569","1","Generic","1U Server","node1569","","","0","0","0","","0","","","compute,gpu"
"idt4gdc_dc3","DC3-R1-50","3","node1570","1","Generic","1U Server","node1570","","","0","0","0","","0","","","compute,gpu"
"idt4gdc_dc3","DC3-R1-50","4","node1571","1","Generic","1U Server","node1571","","","0","0","0","","0","","","compute,gpu"
"idt4gdc_dc3","DC3-R1-50","5","node1572","1","Generic","1U Server","node1572","","","0","0","0","","0","","","compute,gpu"
"idt4gdc_dc3","DC3-R1-50","6","node1573","1","Generic","1U Server","node1573","","","0","0","0","","0","","","compute,gpu"
"idt4gdc_dc3","DC3-R1-50","7","node1574","1","Generic","1U Server","node1574","","","0","0","0","","0","","","compute,gpu"
"idt4gdc_dc3","DC3-R1-50","8","node1575","1","Generic","1U Server","node1575","","","0","0","0","","0","","","compute,gpu"
"idt4gdc_dc3","DC3-R1-50","9","node1576","1","Generic","1U Server","node1576","","","0","0","0","","0","","","compute,gpu"
"idt4gdc_dc3","DC3-R1-50","10","node1577","1","Generic","1U Server","node1577","","","0","0","0","","0","","","compute,gpu"
"idt4gdc_dc3","DC3-R1-50","11","node1578","1","Generic","1U Server","node1578","","","0","0","0","","0","","","compute,gpu"
"idt4gdc_dc3","DC3-R1-50","12","node1579","1","Generic","1U Server","node1579","","","0","0","0","","0","","","compute,gpu"
"idt4gdc_dc3","DC3-R1-50","13","node1580","1","Generic","1U Server","node1580","","","0","0","0","","0","","","compute,gpu"
"idt4gdc_dc3","DC3-R1-50","14","node1581","1","Generic","1U Server","node1581","","","0","0","0","","0","","","compute,gpu"
"idt4gdc_dc3","DC3-R1-50","15","node1582","1","Generic","1U Server","node1582","","","0","0","0","","0","","","compute,gpu"
"idt4gdc_dc3","DC3-R1-50","16","node1583","1","Generic","1U Server","node1583","","","0","0","0","","0","","","compute,gpu"
"idt4gdc_dc3","DC3-R1-50","17","node1584","1","Generic","1U Server","node1584","","","0","0","0","","0","","","compute,gpu"
"idt4gdc_dc3","DC3-R1-50","18","node1585","1","Generic","1U Server","node1585","","","0","0","0","","0","","","compute,gpu"
"idt4gdc_dc3","DC3-R1-50","19","node1586","1","Generic","1U Server","node1586","","","0","0","0","","0","","","compute,gpu"
"idt4gdc_dc3","DC3-R1-50","20","node1587","1","Generic","1U Server","node1587","","","0","0","0","","0","","","compute,gpu"
"idt4gdc_dc3","DC3-R1-50","21","node1588","1","Generic","1U Server","node1588","","","0","0","0","","0","","","compute,gpu"
"idt4gdc_dc3","DC3-R1-50","22","node1589","1","Generic","1U Server","node1589","","","0","0","0","","0","","","compute,gpu"
"idt4gdc_dc3","DC3-R1-50","23","node1590","1","Generic","1U Server","node1590","","","0","0","0","","0","","","compute,gpu"
"idt4gdc_dc3","DC3-R1-50","24","node1591","1","Generic","1U Server","node1591","","","0","0","0","","0","","","compute,gpu"
"idt4gdc_dc3","DC3-R1-50","25","node1592","1","Generic","1U Server","node1592","","","0","0","0","","0","","","compute,gpu"
"idt4gdc_dc3","DC3-R1-50","26","node1593","1","Generic","1U Server","node1593","","","0","0","0","","0","","","compute,gpu"
"idt4gdc_dc3","DC3-R1-50","27","node1594","1","Generic","1U Server","node1594","","","0","0","0","","0","","","compute,gpu"
"idt4gdc_dc3","DC3-R1-50","28","node1595","1","Generic","1U Server","node1595","","","0","0","0","","0","","","compute,gpu"
"idt4gdc_dc3","DC3-R1-50","29","node1596","1","Generic","1U Server","node1596","","","0","0","0","","0","","","compute,gpu"
"idt4gdc_dc3","DC3-R1-50","30","node1597","1","Generic","1U Server","node1597","","","0","0","0","","0","","","compute,gpu"
"idt4gdc_dc3","DC3-R1-50","31","node1598","1","Generic","1U Server","node1598","","","0","0","0","","0","","","compute,gpu"
"idt4gdc_dc3","DC3-R1-50","32","node1599","1","Generic","1U Server","node1599","","","0","0","0","","0","","","compute,gpu"
"idt4gdc_dc3","DC3-R1-51","1","node1600","1","Generic","1U Server","node1600","","","0","0","0","","0","","","compute,gpu"
"idt4gdc_dc3","DC3-R1-51","2","node1601","1","Generic","1U Server","node1601","","","0","0","0","","0","","","compute,gpu"
"idt4gdc_dc3","DC3-R1-51","3","node1602","1","Generic","1U Server","node1602","","","0","0","0","","0","","","compute,gpu"
"idt4gdc_dc3","DC3-R1-51","4","node1603","1","Generic","1U Server","node1603","","","0","0","0","","0","","","compute,gpu"
"idt4gdc_dc3","DC3-R1-51","5","node1604","1","Generic","1U Server","node1604","","","0","0","0","","0","","","compute,gpu"
"idt4gdc_dc3","DC3-R1-51","6","node1605","1","Generic","1U Server","node1605","","","0","0","0","","0","","","compute,gpu"
"idt4gdc_dc3","DC3-R1-51","7","node1606","1","Generic","1U Server","node1606","","","0","0","0","","0","","","compute,gpu"
"idt4gdc_dc3","DC3-R1-51","8","node1607","1","Generic","1U Server","node1607","","","0","0","0","","0","","","compute,gpu"
"idt4gdc_dc3","DC3-R1-51","9","node1608","1","Generic","1U Server","node1608","","","0","0","0","","0","","","compute,gpu"
"idt4gdc_dc3","DC3-R1-51","10","node1609","1","Generic","1U Server","node1609","","","0","0","0","","0","","","compute,gpu"
"idt4gdc_dc3","DC3-R1-51","11","node1610","1","Generic","1U Server","node1610","","","0","0","0","","0","","","compute,gpu"
"idt4gdc_dc3","DC3-R1-51","12","node1611","1","Generic","1U Server","node1611","","","0","0","0","","0","","","compute,gpu"
"idt4gdc_dc3","DC3-R1-51","13","node1612","1","Generic","1U Server","node1612","","","0","0","0","","0","","","compute,gpu"
"idt4gdc_dc3","DC3-R1-51","14","node1613","1","Generic","1U Server","node1613","","","0","0","0","","0","","","compute,gpu"
"idt4gdc_dc3","DC3-R1-51","15","node1614","1","Generic","1U Server","node1614","","","0","0","0","","0","","","compute,gpu"
"idt4gdc_dc3","DC3-R1-51","16","node1615","1","Generic","1U Server","node1615","","","0","0","0","","0","","","compute,gpu"
"idt4gdc_dc3","DC3-R1-51","17","node1616","1","Generic","1U Server","node1616","","","0","0","0","","0","","","compute,gpu"
"idt4gdc_dc3","DC3-R1-51","18","node1617","1","Generic","1U Server","node1617","","","0","0","0","","0","","","compute,gpu"
"idt4gdc_dc3","DC3-R1-51","19","node1618","1","Generic","1U Server","node1618","","","0","0","0","","0","","","compute,gpu"
"idt4gdc_dc3","DC3-R1-51","20","node1619","1","Generic","1U Server","node1619","","","0","0","0","","0","","","compute,gpu"
"idt4gdc_dc3","DC3-R1-51","21","node1620","1","Generic","1U Server","node1620","","","0","0","0","","0","","","compute,gpu"
"idt4gdc_dc3","DC3-R1-51","22","node1621","1","Generic","1U Server","node1621","","","0","0","0","","0","","","compute,gpu"
"idt4gdc_dc3","DC3-R1-51","23","node1622","1","Generic","1U Server","node1622","","","0","0","0","","0","","","compute,gpu"
"idt4gdc_dc3","DC3-R1-51","24","node1623","1","Generic","1U Server","node1623","","","0","0","0","","0","","","compute,gpu"
"idt4gdc_dc3","DC3-R1-51","25","node1624","1","Generic","1U Server","node1624","","","0","0","0","","0","","","compute,gpu"
"idt4gdc_dc3","DC3-R1-51","26","node1625","1","Generic","1U Server","node1625","","","0","0","0","","0","","","compute,gpu"
"idt4gdc_dc3","DC3-R1-51","27","node1626","1","Generic","1U Server","node1626","","","0","0","0","","0","","","compute,gpu"
"idt4gdc_dc3","DC3-R1-51","28","node1627","1","Generic","1U Server","node1627","","","0","0","0","","0","","","compute,gpu"
"idt4gdc_dc3","DC3-R1-51","29","node1628","1","Generic","1U Server","node1628","","","0","0","0","","0","","","compute,gpu"
"idt4gdc_dc3","DC3-R1-51","30","node1629","1","Generic","1U Server","node1629","","","0","0","0","","0","","","compute,gpu"
"idt4gdc_dc3","DC3-R1-51","31","node1630","1","Generic","1U Server","node1630","","","0","0","0","","0","","","compute,gpu"
"idt4gdc_dc3","DC3-R1-51","32","node1631","1","Generic","1U Server","node1631","","","0","0","0","","0","","","compute,gpu"
"idt4gdc_dc3","DC3-R1-52","1","node1632","1","Generic","1U Server","node1632","","","0","0","0","","0","","","compute,gpu"
"idt4gdc_dc3","DC3-R1-52","2","node1633","1","Generic","1U Server","node1633","","","0","0","0","","0","","","compute,gpu"
"idt4gdc_dc3","DC3-R1-52","3","node1634","1","Generic","1U Server","node1634","","","0","0","0","","0","","","compute,gpu"
"idt4gdc_dc3","DC3-R1-52","4","node1635","1","Generic","1U Server","node1635","","","0","0","0","","0","","","compute,gpu"
"idt4gdc_dc3","DC3-R1-52","5","node1636","1","Generic","1U Server","node1636","","","0","0","0","","0","","","compute,gpu"
"idt4gdc_dc3","DC3-R1-52","6","node1637","1","Generic","1U Server","node1637","","","0","0","0","","0","","","compute,gpu"
"idt4gdc_dc3","DC3-R1-52","7","node1638","1","Generic","1U Server","node1638","","","0","0","0","","0","","","compute,gpu"
"idt4gdc_dc3","DC3-R1-52","8","node1639","1","Generic","1U Server","node1639","","","0","0","0","","0","","","compute,gpu"
"idt4gdc_dc3","DC3-R1-52","9","node1640","1","Generic","1U Server","node1640","","","0","0","0","","0","","","compute,gpu"
"idt4gdc_dc3","DC3-R1-52","10","node1641","1","Generic","1U Server","node1641","","","0","0","0","","0","","","compute,gpu"
"idt4gdc_dc3","DC3-R1-52","11","node1642","1","Generic","1U Server","node1642","","","0","0","0","","0","","","compute,gpu"
"idt4gdc_dc3","DC3-R1-52","12","node1643","1","Generic","1U Server","node1643","","","0","0","0","","0","","","compute,gpu"
"idt4gdc_dc3","DC3-R1-52","13","node1644","1","Generic","1U Server","node1644","","","0","0","0","","0","","","compute,gpu"
"idt4gdc_dc3","DC3-R1-52","14","node1645","1","Generic","1U Server","node1645","","","0","0","0","","0","","","compute,gpu"
"idt4gdc_dc3","DC3-R1-52","15","node1646","1","Generic","1U Server","node1646","","","0","0","0","","0","","","compute,gpu"
"idt4gdc_dc3","DC3-R1-52","16","node1647","1","Generic","1U Server","node1647","","","0","0","0","","0","","","compute,gpu"
"idt4gdc_dc3","DC3-R1-52","17","node1648","1","Generic","1U Server","node1648","","","0","0","0","","0","","","compute,gpu"
"idt4gdc_dc3","DC3-R1-52","18","node1649","1","Generic","1U Server","node1649","","","0","0","0","","0","","","compute,gpu"
"idt4gdc_dc3","DC3-R1-52","19","node1650","1","Generic","1U Server","node1650","","","0","0","0","","0","","","compute,gpu"
"idt4gdc_dc3","DC3-R1-52","20","node1651","1","Generic","1U Server","node1651","","","0","0","0","","0","","","compute,gpu"
"idt4gdc_dc3","DC3-R1-52","21","node1652","1","Generic","1U Server","node1652","","","0","0","0","","0","","","compute,gpu"
"idt4gdc_dc3","DC3-R1-52","22","node1653","1","Generic","1U Server","node1653","","","0","0","0","","0","","","compute,gpu"
"idt4gdc_dc3","DC3-R1-52","23","node1654","1","Generic","1U Server","node1654","","","0","0","0","","0","","","compute,gpu"
"idt4gdc_dc3","DC3-R1-52","24","node1655","1","Generic","1U Server","node1655","","","0","0","0","","0","","","compute,gpu"
"idt4gdc_dc3","DC3-R1-52","25","node1656","1","Generic","1U Server","node1656","","","0","0","0","","0","","","compute,gpu"
"idt4gdc_dc3","DC3-R1-52","26","node1657","1","Generic","1U Server","node1657","","","0","0","0","","0","","","compute,gpu"
"idt4gdc_dc3","DC3-R1-52","27","node1658","1","Generic","1U Server","node1658","","","0","0","0","","0","","","compute,gpu"
"idt4gdc_dc3","DC3-R1-52","28","node1659","1","Generic","1U Server","node1659","","","0","0","0","","0","","","compute,gpu"
"idt4gdc_dc3","DC3-R1-52","29","node1660","1","Generic","1U Server","node1660","","","0","0","0","","0","","","compute,gpu"
"idt4gdc_dc3","DC3-R1-52","30","node1661","1","Generic","1U Server","node1661","","","0","0","0","","0","","","compute,gpu"
"idt4gdc_dc3","DC3-R1-52","31","node1662","1","Generic","1U Server","node1662","","","0","0","0","","0","","","compute,gpu"
"idt4gdc_dc3","DC3-R1-52","32","node1663","1","Generic","1U Server","node1663","","","0","0","0","","0","","","compute,gpu"
"idt4gdc_dc3","DC3-R1-53","1","node1664","1","Generic","1U Server","node1664","","","0","0","0","","0","","","compute,gpu"
"idt4gdc_dc3","DC3-R1-53","2","node1665","1","Generic","1U Server","node1665","","","0","0","0","","0","","","compute,gpu"
"idt4gdc_dc3","DC3-R1-53","3","node1666","1","Generic","1U Server","node1666","","","0","0","0","","0","","","compute,gpu"
"idt4gdc_dc3","DC3-R1-53","4","node1667","1","Generic","1U Server","node1667","","","0","0","0","","0","","","compute,gpu"
"idt4gdc_dc3","DC3-R1-53","5","node1668","1","Generic","1U Server","node1668","","","0","0","0","","0","","","compute,gpu"
"idt4gdc_dc3","DC3-R1-53","6","node1669","1","Generic","1U Server","node1669","","","0","0","0","","0","","","compute,gpu"
"idt4gdc_dc3","DC3-R1-53","7","node1670","1","Generic","1U Server","node1670","","","0","0","0","","0","","","compute,gpu"
"idt4gdc_dc3","DC3-R1-53","8","node1671","1","Generic","1U Server","node1671","","","0","0","0","","0","","","compute,gpu"
"idt4gdc_dc3","DC3-R1-53","9","node1672","1","Generic","1U Server","node1672","","","0","0","0","","0","","","compute,gpu"
"idt4gdc_dc3","DC3-R1-53","10","node1673","1","Generic","1U Server","node1673","","","0","0","0","","0","","","compute,gpu"
"idt4gdc_dc3","DC3-R1-53","11","node1674","1","Generic","1U Server","node1674","","","0","0","0","","0","","","compute,gpu"
"idt4gdc_dc3","DC3-R1-53","12","node1675","1","Generic","1U Server","node1675","","","0","0","0","","0","","","compute,gpu"
"idt4gdc_dc3","DC3-R1-53","13","node1676","1","Generic","1U Server","node1676","","","0","0","0","","0","","","compute,gpu"
"idt4gdc_dc3","DC3-R1-53","14","node1677","1","Generic","1U Server","node1677","","","0","0","0","","0","","","compute,gpu"
"idt4gdc_dc3","DC3-R1-53","15","node1678","1","Generic","1U Server","node1678","","","0","0","0","","0","","","compute,gpu"
"idt4gdc_dc3","DC3-R1-53","16","node1679","1","Generic","1U Server","node1679","","","0","0","0","","0","","","compute,gpu"
"idt4gdc_dc3","DC3-R1-53","17","node1680","1","Generic","1U Server","node1680","","","0","0","0","","0","","","compute,gpu"
"idt4gdc_dc3","DC3-R1-53","18","node1681","1","Generic","1U Server","node1681","","","0","0","0","","0","","","compute,gpu"
"idt4gdc_dc3","DC3-R1-53","19","node1682","1","Generic","1U Server","node1682","","","0","0","0","","0","","","compute,gpu"
"idt4gdc_dc3","DC3-R1-53","20","node1683","1","Generic","1U Server","node1683","","","0","0","0","","0","","","compute,gpu"
"idt4gdc_dc3","DC3-R1-53","21","node1684","1","Generic","1U Server","node1684","","","0","0","0","","0","","","compute,gpu"
"idt4gdc_dc3","DC3-R1-53","22","node1685","1","Generic","1U Server","node1685","","","0","0","0","","0","","","compute,gpu"
"idt4gdc_dc3","DC3-R1-53","23","node1686","1","Generic","1U Server","node1686","","","0","0","0","","0","","","compute,gpu"
"idt4gdc_dc3","DC3-R1-53","24","node1687","1","Generic","1U Server","node1687","","","0","0","0","","0","","","compute,gpu"
"idt4gdc_dc3","DC3-R1-53","25","node1688","1","Generic","1U Server","node1688","","","0","0","0","","0","","","compute,gpu"
"idt4gdc_dc3","DC3-R1-53","26","node1689","1","Generic","1U Server","node1689","","","0","0","0","","0","","","compute,gpu"
"idt4gdc_dc3","DC3-R1-53","27","node1690","1","Generic","1U Server","node1690","","","0","0","0","","0","","","compute,gpu"
"idt4gdc_dc3","DC3-R1-53","28","node1691","1","Generic","1U Server","node1691","","","0","0","0","","0","","","compute,gpu"
"idt4gdc_dc3","DC3-R1-53","29","node1692","1","Generic","1U Server","node1692","","","0","0","0","","0","","","compute,gpu"
"idt4gdc_dc3","DC3-R1-53","30","node1693","1","Generic","1U Server","node1693","","","0","0","0","","0","","","compute,gpu"
"idt4gdc_dc3","DC3-R1-53","31","node1694","1","Generic","1U Server","node1694","","","0","0","0","","0","","","compute,gpu"
"idt4gdc_dc3","DC3-R1-53","32","node1695","1","Generic","1U Server","node1695","","","0","0","0","","0","","","compute,gpu"
"idt4gdc_dc3","DC3-R1-54","1","node1696","1","Generic","1U Server","node1696","","","0","0","0","","0","","","compute,gpu"
"idt4gdc_dc3","DC3-R1-54","2","node1697","1","Generic","1U Server","node1697","","","0","0","0","","0","","","compute,gpu"
"idt4gdc_dc3","DC3-R1-54","3","node1698","1","Generic","1U Server","node1698","","","0","0","0","","0","","","compute,gpu"
"idt4gdc_dc3","DC3-R1-54","4","node1699","1","Generic","1U Server","node1699","","","0","0","0","","0","","","compute,gpu"
"idt4gdc_dc3","DC3-R1-54","5","node1700","1","Generic","1U Server","node1700","","","0","0","0","","0","","","compute,gpu"
"idt4gdc_dc3","DC3-R1-54","6","node1701","1","Generic","1U Server","node1701","","","0","0","0","","0","","","compute,gpu"
"idt4gdc_dc3","DC3-R1-54","7","node1702","1","Generic","1U Server","node1702","","","0","0","0","","0","","","compute,gpu"
"idt4gdc_dc3","DC3-R1-54","8","node1703","1","Generic","1U Server","node1703","","","0","0","0","","0","","","compute,gpu"
"idt4gdc_dc3","DC3-R1-54","9","node1704","1","Generic","1U Server","node1704","","","0","0","0","","0","","","compute,gpu"
"idt4gdc_dc3","DC3-R1-54","10","node1705","1","Generic","1U Server","node1705","","","0","0","0","","0","","","compute,gpu"
"idt4gdc_dc3","DC3-R1-54","11","node1706","1","Generic","1U Server","node1706","","","0","0","0","","0","","","compute,gpu"
"idt4gdc_dc3","DC3-R1-54","12","node1707","1","Generic","1U Server","node1707","","","0","0","0","","0","","","compute,gpu"
"idt4gdc_dc3","DC3-R1-54","13","node1708","1","Generic","1U Server","node1708","","","0","0","0","","0","","","compute,gpu"
"idt4gdc_dc3","DC3-R1-54","14","node1709","1","Generic","1U Server","node1709","","","0","0","0","","0","","","compute,gpu"
"idt4gdc_dc3","DC3-R1-54","15","node1710","1","Generic","1U Server","node1710","","","0","0","0","","0","","","compute,gpu"
"idt4gdc_dc3","DC3-R1-54","16","node1711","1","Generic","1U Server","node1711","","","0","0","0","","0","","","compute,gpu"
"idt4gdc_dc3","DC3-R1-54","17","node1712","1","Generic","1U Server","node1712","","","0","0","0","","0","","","compute,gpu"
"idt4gdc_dc3","DC3-R1-54","18","node1713","1","Generic","1U Server","node1713","","","0","0","0","","0","","","compute,gpu"
"idt4gdc_dc3","DC3-R1-54","19","node1714","1","Generic","1U Server","node1714","","","0","0","0","","0","","","compute,gpu"
"idt4gdc_dc3","DC3-R1-54","20","node1715","1","Generic","1U Server","node1715","","","0","0","0","","0","","","compute,gpu"
"idt4gdc_dc3","DC3-R1-54","21","node1716","1","Generic","1U Server","node1716","","","0","0","0","","0","","","compute,gpu"
"idt4gdc_dc3","DC3-R1-54","22","node1717","1","Generic","1U Server","node1717","","","0","0","0","","0","","","compute,gpu"
"idt4gdc_dc3","DC3-R1-54","23","node1718","1","Generic","1U Server","node1718","","","0","0","0","","0","","","compute,gpu"
"idt4gdc_dc3","DC3-R1-54","24","node1719","1","Generic","1U Server","node1719","","","0","0","0","","0","","","compute,gpu"
"idt4gdc_dc3","DC3-R1-54","25","node1720","1","Generic","1U Server","node1720","","","0","0","0","","0","","","compute,gpu"
"idt4gdc_dc3","DC3-R1-54","26","node1721","1","Generic","1U Server","node1721","","","0","0","0","","0","","","compute,gpu"
"idt4gdc_dc3","DC3-R1-54","27","node1722","1","Generic","1U Server","node1722","","","0","0","0","","0","","","compute,gpu"
"idt4gdc_dc3","DC3-R1-54","28","node1723","1","Generic","1U Server","node1723","","","0","0","0","","0","","","compute,gpu"
"idt4gdc_dc3","DC3-R1-54","29","node1724","1","Generic","1U Server","node1724","","","0","0","0","","0","","","compute,gpu"
"idt4gdc_dc3","DC3-R1-54","30","node1725","1","Generic","1U Server","node1725","","","0","0","0","","0","","","compute,gpu"
"idt4gdc_dc3","DC3-R1-54","31","node1726","1","Generic","1U Server","node1726","","","0","0","0","","0","","","compute,gpu"
"idt4gdc_dc3","DC3-R1-54","32","node1727","1","Generic","1U Server","node1727","","","0","0","0","","0","","","compute,gpu"
"idt4gdc_dc3","DC3-R1-55","1","node1728","1","Generic","1U Server","node1728","","","0","0","0","","0","","","compute,gpu"
"idt4gdc_dc3","DC3-R1-55","2","node1729","1","Generic","1U Server","node1729","","","0","0","0","","0","","","compute,gpu"
"idt4gdc_dc3","DC3-R1-55","3","node1730","1","Generic","1U Server","node1730","","","0","0","0","","0","","","compute,gpu"
"idt4gdc_dc3","DC3-R1-55","4","node1731","1","Generic","1U Server","node1731","","","0","0","0","","0","","","compute,gpu"
"idt4gdc_dc3","DC3-R1-55","5","node1732","1","Generic","1U Server","node1732","","","0","0","0","","0","","","compute,gpu"
"idt4gdc_dc3","DC3-R1-55","6","node1733","1","Generic","1U Server","node1733","","","0","0","0","","0","","","compute,gpu"
"idt4gdc_dc3","DC3-R1-55","7","node1734","1","Generic","1U Server","node1734","","","0","0","0","","0","","","compute,gpu"
"idt4gdc_dc3","DC3-R1-55","8","node1735","1","Generic","1U Server","node1735","","","0","0","0","","0","","","compute,gpu"
"idt4gdc_dc3","DC3-R1-55","9","node1736","1","Generic","1U Server","node1736","","","0","0","0","","0","","","compute,gpu"
"idt4gdc_dc3","DC3-R1-55","10","node1737","1","Generic","1U Server","node1737","","","0","0","0","","0","","","compute,gpu"
"idt4gdc_dc3","DC3-R1-55","11","node1738","1","Generic","1U Server","node1738","","","0","0","0","","0","","","compute,gpu"
"idt4gdc_dc3","DC3-R1-55","12","node1739","1","Generic","1U Server","node1739","","","0","0","0","","0","","","compute,gpu"
"idt4gdc_dc3","DC3-R1-55","13","node1740","1","Generic","1U Server","node1740","","","0","0","0","","0","","","compute,gpu"
"idt4gdc_dc3","DC3-R1-55","14","node1741","1","Generic","1U Server","node1741","","","0","0","0","","0","","","compute,gpu"
"idt4gdc_dc3","DC3-R1-55","15","node1742","1","Generic","1U Server","node1742","","","0","0","0","","0","","","compute,gpu"
"idt4gdc_dc3","DC3-R1-55","16","node1743","1","Generic","1U Server","node1743","","","0","0","0","","0","","","compute,gpu"
"idt4gdc_dc3","DC3-R1-55","17","node1744","1","Generic","1U Server","node1744","","","0","0","0","","0","","","compute,gpu"
"idt4gdc_dc3","DC3-R1-55","18","node1745","1","Generic","1U Server","node1745","","","0","0","0","","0","","","compute,gpu"
"idt4gdc_dc3","DC3-R1-55","19","node1746","1","Generic","1U Server","node1746","","","0","0","0","","0","","","compute,gpu"
"idt4gdc_dc3","DC3-R1-55","20","node1747","1","Generic","1U Server","node1747","","","0","0","0","","0","","","compute,gpu"
"idt4gdc_dc3","DC3-R1-55","21","node1748","1","Generic","1U Server","node1748","","","0","0","0","","0","","","compute,gpu"
"idt4gdc_dc3","DC3-R1-55","22","node1749","1","Generic","1U Server","node1749","","","0","0","0","","0","","","compute,gpu"
"idt4gdc_dc3","DC3-R1-55","23","node1750","1","Generic","1U Server","node1750","","","0","0","0","","0","","","compute,gpu"
"idt4gdc_dc3","DC3-R1-55","24","node1751","1","Generic","1U Server","node1751","","","0","0","0","","0","","","compute,gpu"
"idt4gdc_dc3","DC3-R1-55","25","node1752","1","Generic","1U Server","node1752","","","0","0","0","","0","","","compute,gpu"
"idt4gdc_dc3","DC3-R1-55","26","node1753","1","Generic","1U Server","node1753","","","0","0","0","","0","","","compute,gpu"
"idt4gdc_dc3","DC3-R1-55","27","node1754","1","Generic","1U Server","node1754","","","0","0","0","","0","","","compute,gpu"
"idt4gdc_dc3","DC3-R1-55","28","node1755","1","Generic","1U Server","node1755","","","0","0","0","","0","","","compute,gpu"
"idt4gdc_dc3","DC3-R1-55","29","node1756","1","Generic","1U Server","node1756","","","0","0","0","","0","","","compute,gpu"
"idt4gdc_dc3","DC3-R1-55","30","node1757","1","Generic","1U Server","node1757","","","0","0","0","","0","","","compute,gpu"
"idt4gdc_dc3","DC3-R1-55","31","node1758","1","Generic","1U Server","node1758","","","0","0","0","","0","","","compute,gpu"
"idt4gdc_dc3","DC3-R1-55","32","node1759","1","Generic","1U Server","node1759","","","0","0","0","","0","","","compute,gpu"
"idt4gdc_dc3","DC3-R1-56","1","node1760","1","Generic","1U Server","node1760","","","0","0","0","","0","","","compute,gpu"
"idt4gdc_dc3","DC3-R1-56","2","node1761","1","Generic","1U Server","node1761","","","0","0","0","","0","","","compute,gpu"
"idt4gdc_dc3","DC3-R1-56","3","node1762","1","Generic","1U Server","node1762","","","0","0","0","","0","","","compute,gpu"
"idt4gdc_dc3","DC3-R1-56","4","node1763","1","Generic","1U Server","node1763","","","0","0","0","","0","","","compute,gpu"
"idt4gdc_dc3","DC3-R1-56","5","node1764","1","Generic","1U Server","node1764","","","0","0","0","","0","","","compute,gpu"
"idt4gdc_dc3","DC3-R1-56","6","node1765","1","Generic","1U Server","node1765","","","0","0","0","","0","","","compute,gpu"
"idt4gdc_dc3","DC3-R1-56","7","node1766","1","Generic","1U Server","node1766","","","0","0","0","","0","","","compute,gpu"
"idt4gdc_dc3","DC3-R1-56","8","node1767","1","Generic","1U Server","node1767","","","0","0","0","","0","","","compute,gpu"
"idt4gdc_dc3","DC3-R1-56","9","node1768","1","Generic","1U Server","node1768","","","0","0","0","","0","","","compute,gpu"
"idt4gdc_dc3","DC3-R1-56","10","node1769","1","Generic","1U Server","node1769","","","0","0","0","","0","","","compute,gpu"
"idt4gdc_dc3","DC3-R1-56","11","node1770","1","Generic","1U Server","node1770","","","0","0","0","","0","","","compute,gpu"
"idt4gdc_dc3","DC3-R1-56","12","node1771","1","Generic","1U Server","node1771","","","0","0","0","","0","","","compute,gpu"
"idt4gdc_dc3","DC3-R1-56","13","node1772","1","Generic","1U Server","node1772","","","0","0","0","","0","","","compute,gpu"
"idt4gdc_dc3","DC3-R1-56","14","node1773","1","Generic","1U Server","node1773","","","0","0","0","","0","","","compute,gpu"
"idt4gdc_dc3","DC3-R1-56","15","node1774","1","Generic","1U Server","node1774","","","0","0","0","","0","","","compute,gpu"
"idt4gdc_dc3","DC3-R1-56","16","node1775","1","Generic","1U Server","node1775","","","0","0","0","","0","","","compute,gpu"
"idt4gdc_dc3","DC3-R1-56","17","node1776","1","Generic","1U Server","node1776","","","0","0","0","","0","","","compute,gpu"
"idt4gdc_dc3","DC3-R1-56","18","node1777","1","Generic","1U Server","node1777","","","0","0","0","","0","","","compute,gpu"
"idt4gdc_dc3","DC3-R1-56","19","node1778","1","Generic","1U Server","node1778","","","0","0","0","","0","","","compute,gpu"
"idt4gdc_dc3","DC3-R1-56","20","node1779","1","Generic","1U Server","node1779","","","0","0","0","","0","","","compute,gpu"
"idt4gdc_dc3","DC3-R1-56","21","node1780","1","Generic","1U Server","node1780","","","0","0","0","","0","","","compute,gpu"
"idt4gdc_dc3","DC3-R1-56","22","node1781","1","Generic","1U Server","node1781","","","0","0","0","","0","","","compute,gpu"
"idt4gdc_dc3","DC3-R1-56","23","node1782","1","Generic","1U Server","node1782","","","0","0","0","","0","","","compute,gpu"
"idt4gdc_dc3","DC3-R1-56","24","node1783","1","Generic","1U Server","node1783","","","0","0","0","","0","","","compute,gpu"
"idt4gdc_dc3","DC3-R1-56","25","node1784","1","Generic","1U Server","node1784","","","0","0","0","","0","","","compute,gpu"
"idt4gdc_dc3","DC3-R1-56","26","node1785","1","Generic","1U Server","node1785","","","0","0","0","","0","","","compute,gpu"
"idt4gdc_dc3","DC3-R1-56","27","node1786","1","Generic","1U Server","node1786","","","0","0","0","","0","","","compute,gpu"
"idt4gdc_dc3","DC3-R1-56","28","node1787","1","Generic","1U Server","node1787","","","0","0","0","","0","","","compute,gpu"
"idt4gdc_dc3","DC3-R1-56","29","node1788","1","Generic","1U Server","node1788","","","0","0","0","","0","","","compute,gpu"
"idt4gdc_dc3","DC3-R1-56","30","node1789","1","Generic","1U Server","node1789","","","0","0","0","","0","","","compute,gpu"
"idt4gdc_dc3","DC3-R1-56","31","node1790","1","Generic","1U Server","node1790","","","0","0","0","","0","","","compute,gpu"
"idt4gdc_dc3","DC3-R1-56","32","node1791","1","Generic","1U Server","node1791","","","0","0","0","","0","","","compute,gpu"
